"File","Line","BigQueryObject","Code"
"package-lock.json","2471","acorn-8.16.0","""resolved"": ""https://registry.npmjs.org/acorn/-/acorn-8.16.0.tgz"","
"package-lock.json","2484","acorn-jsx-5.3.2","""resolved"": ""https://registry.npmjs.org/acorn-jsx/-/acorn-jsx-5.3.2.tgz"","
"package-lock.json","2494","agent-base-7.1.4","""resolved"": ""https://registry.npmjs.org/agent-base/-/agent-base-7.1.4.tgz"","
"package-lock.json","2503","ajv-6.15.0","""resolved"": ""https://registry.npmjs.org/ajv/-/ajv-6.15.0.tgz"","
"package-lock.json","2520","ansi-styles-4.3.0","""resolved"": ""https://registry.npmjs.org/ansi-styles/-/ansi-styles-4.3.0.tgz"","
"package-lock.json","2536","argparse-2.0.1","""resolved"": ""https://registry.npmjs.org/argparse/-/argparse-2.0.1.tgz"","
"package-lock.json","2543","aria-query-5.3.2","""resolved"": ""https://registry.npmjs.org/aria-query/-/aria-query-5.3.2.tgz"","
"package-lock.json","2591","array.prototype.findlast","""node_modules/array.prototype.findlast"": {"
"package-lock.json","2593","array.prototype.findlast","""resolved"": ""https://registry.npmjs.org/array.prototype.findlast/-/array.prototype.findlast-1.2.5.tgz"","
"package-lock.json","3899","array.prototype.findlast","""array.prototype.findlast"": ""^1.2.5"","
"package-lock.json","2612","array.prototype.findlastindex","""node_modules/array.prototype.findlastindex"": {"
"package-lock.json","2614","array.prototype.findlastindex","""resolved"": ""https://registry.npmjs.org/array.prototype.findlastindex/-/array.prototype.findlastindex-1.2.6.tgz"","
"package-lock.json","3826","array.prototype.findlastindex","""array.prototype.findlastindex"": ""^1.2.6"","
"package-lock.json","2634","array.prototype.flat","""node_modules/array.prototype.flat"": {"
"package-lock.json","2636","array.prototype.flat","""resolved"": ""https://registry.npmjs.org/array.prototype.flat/-/array.prototype.flat-1.3.3.tgz"","
"package-lock.json","3827","array.prototype.flat","""array.prototype.flat"": ""^1.3.3"","
"package-lock.json","5245","array.prototype.flat","""array.prototype.flat"": ""^1.3.1"","
"package-lock.json","2653","array.prototype.flatmap","""node_modules/array.prototype.flatmap"": {"
"package-lock.json","2655","array.prototype.flatmap","""resolved"": ""https://registry.npmjs.org/array.prototype.flatmap/-/array.prototype.flatmap-1.3.3.tgz"","
"package-lock.json","3828","array.prototype.flatmap","""array.prototype.flatmap"": ""^1.3.3"","
"package-lock.json","3870","array.prototype.flatmap","""array.prototype.flatmap"": ""^1.3.2"","
"package-lock.json","3900","array.prototype.flatmap","""array.prototype.flatmap"": ""^1.3.3"","
"package-lock.json","5859","array.prototype.flatmap","""array.prototype.flatmap"": ""^1.3.3"","
"package-lock.json","2672","array.prototype.tosorted","""node_modules/array.prototype.tosorted"": {"
"package-lock.json","2674","array.prototype.tosorted","""resolved"": ""https://registry.npmjs.org/array.prototype.tosorted/-/array.prototype.tosorted-1.1.4.tgz"","
"package-lock.json","3901","array.prototype.tosorted","""array.prototype.tosorted"": ""^1.1.4"","
"package-lock.json","2689","arraybuffer.prototype.slice","""node_modules/arraybuffer.prototype.slice"": {"
"package-lock.json","2691","arraybuffer.prototype.slice","""resolved"": ""https://registry.npmjs.org/arraybuffer.prototype.slice/-/arraybuffer.prototype.slice-1.0.4.tgz"","
"package-lock.json","3430","arraybuffer.prototype.slice","""arraybuffer.prototype.slice"": ""^1.0.4"","
"package-lock.json","2553","array-buffer-byte-length-1.0.2","""resolved"": ""https://registry.npmjs.org/array-buffer-byte-length/-/array-buffer-byte-length-1.0.2.tgz"","
"package-lock.json","2570","array-includes-3.1.9","""resolved"": ""https://registry.npmjs.org/array-includes/-/array-includes-3.1.9.tgz"","
"package-lock.json","510","arrify-2.0.1","""resolved"": ""https://registry.npmjs.org/arrify/-/arrify-2.0.1.tgz"","
"package-lock.json","2713","arrify-3.0.0","""resolved"": ""https://registry.npmjs.org/arrify/-/arrify-3.0.0.tgz"","
"package-lock.json","5931","assign-4.1.7","""resolved"": ""https://registry.npmjs.org/object.assign/-/object.assign-4.1.7.tgz"","
"package-lock.json","2725","ast-types-flow-0.0.8","""resolved"": ""https://registry.npmjs.org/ast-types-flow/-/ast-types-flow-0.0.8.tgz"","
"package-lock.json","2732","async-function-1.0.0","""resolved"": ""https://registry.npmjs.org/async-function/-/async-function-1.0.0.tgz"","
"package-lock.json","2742","available-typed-arrays-1.0.7","""resolved"": ""https://registry.npmjs.org/available-typed-arrays/-/available-typed-arrays-1.0.7.tgz"","
"package-lock.json","2758","axe-core-4.11.3","""resolved"": ""https://registry.npmjs.org/axe-core/-/axe-core-4.11.3.tgz"","
"package-lock.json","2768","axobject-query-4.1.0","""resolved"": ""https://registry.npmjs.org/axobject-query/-/axobject-query-4.1.0.tgz"","
"package-lock.json","2778","balanced-match-1.0.2","""resolved"": ""https://registry.npmjs.org/balanced-match/-/balanced-match-1.0.2.tgz"","
"package-lock.json","2071","balanced-match-4.0.4","""resolved"": ""https://registry.npmjs.org/balanced-match/-/balanced-match-4.0.4.tgz"","
"package-lock.json","2785","base64-js-1.5.1","""resolved"": ""https://registry.npmjs.org/base64-js/-/base64-js-1.5.1.tgz"","
"package-lock.json","2805","baseline-browser-mapping-2.10.24","""resolved"": ""https://registry.npmjs.org/baseline-browser-mapping/-/baseline-browser-mapping-2.10.24.tgz"","
"package-lock.json","4307","beta.2.tgz","""resolved"": ""https://registry.npmjs.org/gensync/-/gensync-1.0.0-beta.2.tgz"","
"package-lock.json","460","bigquery-8.3.0","""resolved"": ""https://registry.npmjs.org/@google-cloud/bigquery/-/bigquery-8.3.0.tgz"","
"package-lock.json","2097","BlueOak-1.0.0","""license"": ""BlueOak-1.0.0"","
"package-lock.json","2839","brace-expansion-1.1.14","""resolved"": ""https://registry.npmjs.org/brace-expansion/-/brace-expansion-1.1.14.tgz"","
"package-lock.json","2081","brace-expansion-5.0.5","""resolved"": ""https://registry.npmjs.org/brace-expansion/-/brace-expansion-5.0.5.tgz"","
"package-lock.json","2850","braces-3.0.3","""resolved"": ""https://registry.npmjs.org/braces/-/braces-3.0.3.tgz"","
"package-lock.json","2863","browserslist-4.28.2","""resolved"": ""https://registry.npmjs.org/browserslist/-/browserslist-4.28.2.tgz"","
"package-lock.json","2897","buffer-equal-constant-time-1.0.1","""resolved"": ""https://registry.npmjs.org/buffer-equal-constant-time/-/buffer-equal-constant-time-1.0.1.tgz"","
"package-lock.json","2903","call-bind-1.0.9","""resolved"": ""https://registry.npmjs.org/call-bind/-/call-bind-1.0.9.tgz"","
"package-lock.json","2922","call-bind-apply-helpers-1.0.2","""resolved"": ""https://registry.npmjs.org/call-bind-apply-helpers/-/call-bind-apply-helpers-1.0.2.tgz"","
"package-lock.json","2936","call-bound-1.0.4","""resolved"": ""https://registry.npmjs.org/call-bound/-/call-bound-1.0.4.tgz"","
"package-lock.json","2953","callsites-3.1.0","""resolved"": ""https://registry.npmjs.org/callsites/-/callsites-3.1.0.tgz"","
"app\components\retention\LearningLoop.tsx","95","candidates.length.toString","<Card label=""Awaiting Review"" value={candidates.length.toString()} />"
"package-lock.json","2963","caniuse-lite-1.0.30001791","""resolved"": ""https://registry.npmjs.org/caniuse-lite/-/caniuse-lite-1.0.30001791.tgz"","
"package-lock.json","2983","chalk-4.1.2","""resolved"": ""https://registry.npmjs.org/chalk/-/chalk-4.1.2.tgz"","
"package-lock.json","3000","client-only-0.0.1","""resolved"": ""https://registry.npmjs.org/client-only/-/client-only-0.0.1.tgz"","
"package-lock.json","3006","clsx-2.1.1","""resolved"": ""https://registry.npmjs.org/clsx/-/clsx-2.1.1.tgz"","
"package-lock.json","43","code-frame-7.29.0","""resolved"": ""https://registry.npmjs.org/@babel/code-frame/-/code-frame-7.29.0.tgz"","
"package-lock.json","3015","color-convert-2.0.1","""resolved"": ""https://registry.npmjs.org/color-convert/-/color-convert-2.0.1.tgz"","
"package-lock.json","3028","color-name-1.1.4","""resolved"": ""https://registry.npmjs.org/color-name/-/color-name-1.1.4.tgz"","
"package-lock.json","624","colour-1.1.0","""resolved"": ""https://registry.npmjs.org/@img/colour/-/colour-1.1.0.tgz"","
"package-lock.json","481","common-6.0.0","""resolved"": ""https://registry.npmjs.org/@google-cloud/common/-/common-6.0.0.tgz"","
"package-lock.json","58","compat-data-7.29.0","""resolved"": ""https://registry.npmjs.org/@babel/compat-data/-/compat-data-7.29.0.tgz"","
"package-lock.json","3035","concat-map-0.0.1","""resolved"": ""https://registry.npmjs.org/concat-map/-/concat-map-0.0.1.tgz"","
"package-lock.json","358","config-array-0.21.2","""resolved"": ""https://registry.npmjs.org/@eslint/config-array/-/config-array-0.21.2.tgz"","
"package-lock.json","373","config-helpers-0.4.2","""resolved"": ""https://registry.npmjs.org/@eslint/config-helpers/-/config-helpers-0.4.2.tgz"","
"package-lock.json","3042","convert-source-map-2.0.0","""resolved"": ""https://registry.npmjs.org/convert-source-map/-/convert-source-map-2.0.0.tgz"","
"package-lock.json","386","core-0.17.0","""resolved"": ""https://registry.npmjs.org/@eslint/core/-/core-0.17.0.tgz"","
"package-lock.json","558","core-0.19.2","""resolved"": ""https://registry.npmjs.org/@humanfs/core/-/core-0.19.2.tgz"","
"package-lock.json","283","core-1.10.0","""resolved"": ""https://registry.npmjs.org/@emnapi/core/-/core-1.10.0.tgz"","
"package-lock.json","68","core-7.29.0","""resolved"": ""https://registry.npmjs.org/@babel/core/-/core-7.29.0.tgz"","
"package-lock.json","3049","cross-spawn-7.0.6","""resolved"": ""https://registry.npmjs.org/cross-spawn/-/cross-spawn-7.0.6.tgz"","
"package-lock.json","3064","csstype-3.2.3","""resolved"": ""https://registry.npmjs.org/csstype/-/csstype-3.2.3.tgz"","
"package-lock.json","1763","d3-array-3.2.2","""resolved"": ""https://registry.npmjs.org/@types/d3-array/-/d3-array-3.2.2.tgz"","
"package-lock.json","3071","d3-array-3.2.4","""resolved"": ""https://registry.npmjs.org/d3-array/-/d3-array-3.2.4.tgz"","
"package-lock.json","3083","d3-color-3.1.0","""resolved"": ""https://registry.npmjs.org/d3-color/-/d3-color-3.1.0.tgz"","
"package-lock.json","1769","d3-color-3.1.3","""resolved"": ""https://registry.npmjs.org/@types/d3-color/-/d3-color-3.1.3.tgz"","
"package-lock.json","3092","d3-ease-3.0.1","""resolved"": ""https://registry.npmjs.org/d3-ease/-/d3-ease-3.0.1.tgz"","
"package-lock.json","1775","d3-ease-3.0.2","""resolved"": ""https://registry.npmjs.org/@types/d3-ease/-/d3-ease-3.0.2.tgz"","
"package-lock.json","3101","d3-format-3.1.2","""resolved"": ""https://registry.npmjs.org/d3-format/-/d3-format-3.1.2.tgz"","
"package-lock.json","3110","d3-interpolate-3.0.1","""resolved"": ""https://registry.npmjs.org/d3-interpolate/-/d3-interpolate-3.0.1.tgz"","
"package-lock.json","1781","d3-interpolate-3.0.4","""resolved"": ""https://registry.npmjs.org/@types/d3-interpolate/-/d3-interpolate-3.0.4.tgz"","
"package-lock.json","3122","d3-path-3.1.0","""resolved"": ""https://registry.npmjs.org/d3-path/-/d3-path-3.1.0.tgz"","
"package-lock.json","1790","d3-path-3.1.1","""resolved"": ""https://registry.npmjs.org/@types/d3-path/-/d3-path-3.1.1.tgz"","
"package-lock.json","3131","d3-scale-4.0.2","""resolved"": ""https://registry.npmjs.org/d3-scale/-/d3-scale-4.0.2.tgz"","
"package-lock.json","1796","d3-scale-4.0.9","""resolved"": ""https://registry.npmjs.org/@types/d3-scale/-/d3-scale-4.0.9.tgz"","
"package-lock.json","1805","d3-shape-3.1.8","""resolved"": ""https://registry.npmjs.org/@types/d3-shape/-/d3-shape-3.1.8.tgz"","
"package-lock.json","3147","d3-shape-3.2.0","""resolved"": ""https://registry.npmjs.org/d3-shape/-/d3-shape-3.2.0.tgz"","
"package-lock.json","1814","d3-time-3.0.4","""resolved"": ""https://registry.npmjs.org/@types/d3-time/-/d3-time-3.0.4.tgz"","
"package-lock.json","3159","d3-time-3.1.0","""resolved"": ""https://registry.npmjs.org/d3-time/-/d3-time-3.1.0.tgz"","
"package-lock.json","3171","d3-time-format-4.1.0","""resolved"": ""https://registry.npmjs.org/d3-time-format/-/d3-time-format-4.1.0.tgz"","
"package-lock.json","3183","d3-timer-3.0.1","""resolved"": ""https://registry.npmjs.org/d3-timer/-/d3-timer-3.0.1.tgz"","
"package-lock.json","1820","d3-timer-3.0.2","""resolved"": ""https://registry.npmjs.org/@types/d3-timer/-/d3-timer-3.0.2.tgz"","
"package-lock.json","3192","damerau-levenshtein-1.0.8","""resolved"": ""https://registry.npmjs.org/damerau-levenshtein/-/damerau-levenshtein-1.0.8.tgz"","
"package-lock.json","3199","data-uri-to-buffer-4.0.1","""resolved"": ""https://registry.npmjs.org/data-uri-to-buffer/-/data-uri-to-buffer-4.0.1.tgz"","
"package-lock.json","3208","data-view-buffer-1.0.2","""resolved"": ""https://registry.npmjs.org/data-view-buffer/-/data-view-buffer-1.0.2.tgz"","
"package-lock.json","3226","data-view-byte-length-1.0.2","""resolved"": ""https://registry.npmjs.org/data-view-byte-length/-/data-view-byte-length-1.0.2.tgz"","
"package-lock.json","3244","data-view-byte-offset-1.0.1","""resolved"": ""https://registry.npmjs.org/data-view-byte-offset/-/data-view-byte-offset-1.0.1.tgz"","
"package-lock.json","3746","debug-3.2.7","""resolved"": ""https://registry.npmjs.org/debug/-/debug-3.2.7.tgz"","
"package-lock.json","3809","debug-3.2.7","""resolved"": ""https://registry.npmjs.org/debug/-/debug-3.2.7.tgz"","
"package-lock.json","3853","debug-3.2.7","""resolved"": ""https://registry.npmjs.org/debug/-/debug-3.2.7.tgz"","
"package-lock.json","3262","debug-4.4.3","""resolved"": ""https://registry.npmjs.org/debug/-/debug-4.4.3.tgz"","
"package-lock.json","6842","decoder-1.3.0","""resolved"": ""https://registry.npmjs.org/string_decoder/-/string_decoder-1.3.0.tgz"","
"package-lock.json","3285","deep-is-0.1.4","""resolved"": ""https://registry.npmjs.org/deep-is/-/deep-is-0.1.4.tgz"","
"package-lock.json","3292","define-data-property-1.1.4","""resolved"": ""https://registry.npmjs.org/define-data-property/-/define-data-property-1.1.4.tgz"","
"package-lock.json","3310","define-properties-1.2.1","""resolved"": ""https://registry.npmjs.org/define-properties/-/define-properties-1.2.1.tgz"","
"package-lock.json","3328","detect-libc-2.1.2","""resolved"": ""https://registry.npmjs.org/detect-libc/-/detect-libc-2.1.2.tgz"","
"package-lock.json","3338","doctrine-2.1.0","""resolved"": ""https://registry.npmjs.org/doctrine/-/doctrine-2.1.0.tgz"","
"package-lock.json","3351","dunder-proto-1.0.1","""resolved"": ""https://registry.npmjs.org/dunder-proto/-/dunder-proto-1.0.1.tgz"","
"package-lock.json","3366","duplexify-4.1.3","""resolved"": ""https://registry.npmjs.org/duplexify/-/duplexify-4.1.3.tgz"","
"app\components\retention\Settings.tsx","1080","e.target.checked","updateMappedDraft(row.sku, 'active', e.target.checked)"
"app\components\DateControl.tsx","33","e.target.value","onChange={(e) => setPreset(e.target.value as any)}"
"app\components\DateControl.tsx","96","e.target.value","onChange={(e) => setStart(e.target.value)}"
"app\components\DateControl.tsx","105","e.target.value","onChange={(e) => setEnd(e.target.value)}"
"app\components\DateFilters.tsx","27","e.target.value","onChange={(e) => setStart(e.target.value)}"
"app\components\DateFilters.tsx","34","e.target.value","onChange={(e) => setEnd(e.target.value)}"
"app\components\google\GoogleSearchTerms.tsx","87","e.target.value","onChange={(e) => setCampaign(e.target.value)}"
"app\components\google\GoogleSearchTerms.tsx","93","e.target.value","onChange={(e) => setAdGroup(e.target.value)}"
"app\components\google\GoogleSearchTerms.tsx","99","e.target.value","onChange={(e) => setActionFilter(e.target.value)}"
"app\components\google\GoogleSettings.tsx","46","e.target.value","onChange={(e) => update(key as keyof GoogleSettingsState, e.target.value)}"
"app\components\meta\MetaAdSetAnalysis.tsx","295","e.target.value","onChange={(e) => onChange(e.target.value)}"
"app\components\meta\MetaCampaignAnalysis.tsx","233","e.target.value","onChange={(e) => setSelectedCampaign(e.target.value)}"
"app\components\meta\MetaCampaignAnalysis.tsx","346","e.target.value","setSelectedChartCampaign(e.target.value)"
"app\components\meta\MetaCreativeAnalysis.tsx","543","e.target.value","onChange={(e) => onChange(e.target.value)}"
"app\components\meta\MetaFunnelAnalysis.tsx","262","e.target.value","onChange={(e) => onChange(e.target.value)}"
"app\components\meta\MetaSettings.tsx","140","e.target.value","onChange={(e) => onChange(e.target.value)}"
"app\components\retention\ActionTracker.tsx","193","e.target.value","onChange={(e) => setSearch(e.target.value)}"
"app\components\retention\ActionTracker.tsx","200","e.target.value","onChange={(e) => setStatusFilter(e.target.value)}"
"app\components\retention\ActionTracker.tsx","266","e.target.value","onChange={(e) => updateActionStatus(row.action_id, e.target.value)}"
"app\components\retention\CustomerJourney.tsx","166","e.target.value","onChange={(e) => setSearch(e.target.value)}"
"app\components\retention\CustomerJourney.tsx","173","e.target.value","onChange={(e) => setStageFilter(e.target.value)}"
"app\components\retention\CustomerJourney.tsx","186","e.target.value","onChange={(e) => setStateFilter(e.target.value)}"
"app\components\retention\HypothesisLab.tsx","94","e.target.value","onChange={(e) => setSearch(e.target.value)}"
"app\components\retention\HypothesisLab.tsx","101","e.target.value","onChange={(e) => setActionType(e.target.value)}"
"app\components\retention\PatternDiscovery.tsx","120","e.target.value","onChange={(e) => setSearch(e.target.value)}"
"app\components\retention\PatternDiscovery.tsx","127","e.target.value","onChange={(e) => setPatternType(e.target.value)}"
"app\components\retention\PatternDiscovery.tsx","137","e.target.value","onChange={(e) => setSortBy(e.target.value)}"
"app\components\retention\Settings.tsx","606","e.target.value","onChange={(e) => setBusinessGoal(e.target.value)}"
"app\components\retention\Settings.tsx","656","e.target.value","onChange={(e) => setLearningWindow(Number(e.target.value))}"
"app\components\retention\Settings.tsx","789","e.target.value","const value = e.target.value;"
"app\components\retention\Settings.tsx","823","e.target.value","e.target.value"
"app\components\retention\Settings.tsx","837","e.target.value","updateDraft(row.sku, 'routine_step', e.target.value)"
"app\components\retention\Settings.tsx","849","e.target.value","updateDraft(row.sku, 'replenishment_days', e.target.value)"
"app\components\retention\Settings.tsx","861","e.target.value","updateDraft(row.sku, 'bundle_components', e.target.value)"
"app\components\retention\Settings.tsx","987","e.target.value","const value = e.target.value;"
"app\components\retention\Settings.tsx","1022","e.target.value","e.target.value"
"app\components\retention\Settings.tsx","1036","e.target.value","updateMappedDraft(row.sku, 'routine_step', e.target.value)"
"app\components\retention\Settings.tsx","1051","e.target.value","e.target.value"
"app\components\retention\Settings.tsx","1067","e.target.value","e.target.value"
"app\components\retention\Settings.tsx","1245","e.target.value","onChange={(e) => updateGlobalSetting('order_mode', e.target.value)}"
"app\components\retention\Settings.tsx","1261","e.target.value","updateGlobalSetting('customer_identity_mode', e.target.value)"
"app\components\retention\Settings.tsx","1303","e.target.value","Number(e.target.value || 0)"
"app\components\retention\Settings.tsx","1318","e.target.value","Number(e.target.value || 0)"
"app\components\retention\Settings.tsx","1332","e.target.value","e.target.value"
"app\components\retention\Settings.tsx","1346","e.target.value","e.target.value === 'true'"
"app\components\retention\Settings.tsx","1391","e.target.value","Number(e.target.value || 0)"
"app\components\retention\Settings.tsx","1406","e.target.value","Number(e.target.value || 0)"
"app\components\retention\Settings.tsx","1420","e.target.value","e.target.value === 'true'"
"app\components\retention\Settings.tsx","1601","e.target.value","Number(e.target.value || 0)"
"app\components\retention\Settings.tsx","1616","e.target.value","Number(e.target.value || 0)"
"app\components\retention\Settings.tsx","1631","e.target.value","Number(e.target.value || 0)"
"app\components\retention\Settings.tsx","1645","e.target.value","e.target.value"
"app\components\retention\Settings.tsx","1663","e.target.value","e.target.value === 'true'"
"app\components\retention\Settings.tsx","1728","e.target.value","onChange={(e) => setValue(Number(e.target.value || 0))}"
"app\components\retention\Settings.tsx","1756","e.target.value","onChange={(e) => setValue(Number(e.target.value))}"
"app\components\retention\Settings.tsx","1798","e.target.value","const selected = e.target.value;"
"app\components\retention\Settings.tsx","1825","e.target.value","onChange={(e) => onChange(e.target.value)}"
"package-lock.json","3378","ecdsa-sig-formatter-1.0.11","""resolved"": ""https://registry.npmjs.org/ecdsa-sig-formatter/-/ecdsa-sig-formatter-1.0.11.tgz"","
"package-lock.json","3387","electron-to-chromium-1.5.344","""resolved"": ""https://registry.npmjs.org/electron-to-chromium/-/electron-to-chromium-1.5.344.tgz"","
"package-lock.json","3394","emoji-regex-9.2.2","""resolved"": ""https://registry.npmjs.org/emoji-regex/-/emoji-regex-9.2.2.tgz"","
"package-lock.json","3401","end-of-stream-1.4.5","""resolved"": ""https://registry.npmjs.org/end-of-stream/-/end-of-stream-1.4.5.tgz"","
"package-lock.json","3410","enhanced-resolve-5.21.0","""resolved"": ""https://registry.npmjs.org/enhanced-resolve/-/enhanced-resolve-5.21.0.tgz"","
"package-lock.json","5952","entries-1.1.9","""resolved"": ""https://registry.npmjs.org/object.entries/-/object.entries-1.1.9.tgz"","
"package-lock.json","1201","env-16.2.4","""resolved"": ""https://registry.npmjs.org/@next/env/-/env-16.2.4.tgz"","
"package-lock.json","3424","es-abstract-1.24.2","""resolved"": ""https://registry.npmjs.org/es-abstract/-/es-abstract-1.24.2.tgz"","
"package-lock.json","3611","escalade-3.2.0","""resolved"": ""https://registry.npmjs.org/escalade/-/escalade-3.2.0.tgz"","
"package-lock.json","3621","escape-string-regexp-4.0.0","""resolved"": ""https://registry.npmjs.org/escape-string-regexp/-/escape-string-regexp-4.0.0.tgz"","
"package-lock.json","3493","es-define-property-1.0.1","""resolved"": ""https://registry.npmjs.org/es-define-property/-/es-define-property-1.0.1.tgz"","
"package-lock.json","3503","es-errors-1.3.0","""resolved"": ""https://registry.npmjs.org/es-errors/-/es-errors-1.3.0.tgz"","
"package-lock.json","3513","es-iterator-helpers-1.3.2","""resolved"": ""https://registry.npmjs.org/es-iterator-helpers/-/es-iterator-helpers-1.3.2.tgz"","
"package-lock.json","3634","eslint-9.39.4","""resolved"": ""https://registry.npmjs.org/eslint/-/eslint-9.39.4.tgz"","
"package-lock.json","3694","eslint-config-next-16.2.4","""resolved"": ""https://registry.npmjs.org/eslint-config-next/-/eslint-config-next-16.2.4.tgz"","
"package-lock.json","3734","eslint-import-resolver-node-0.3.10","""resolved"": ""https://registry.npmjs.org/eslint-import-resolver-node/-/eslint-import-resolver-node-0.3.10.tgz"","
"package-lock.json","3756","eslint-import-resolver-typescript-3.10.1","""resolved"": ""https://registry.npmjs.org/eslint-import-resolver-typescript/-/eslint-import-resolver-typescript-3.10.1.tgz"","
"package-lock.json","3791","eslint-module-utils-2.12.1","""resolved"": ""https://registry.npmjs.org/eslint-module-utils/-/eslint-module-utils-2.12.1.tgz"","
"package-lock.json","1883","eslint-plugin-8.59.1","""resolved"": ""https://registry.npmjs.org/@typescript-eslint/eslint-plugin/-/eslint-plugin-8.59.1.tgz"","
"package-lock.json","3819","eslint-plugin-import-2.32.0","""resolved"": ""https://registry.npmjs.org/eslint-plugin-import/-/eslint-plugin-import-2.32.0.tgz"","
"package-lock.json","3863","eslint-plugin-jsx-a11y-6.10.2","""resolved"": ""https://registry.npmjs.org/eslint-plugin-jsx-a11y/-/eslint-plugin-jsx-a11y-6.10.2.tgz"","
"package-lock.json","1207","eslint-plugin-next-16.2.4","""resolved"": ""https://registry.npmjs.org/@next/eslint-plugin-next/-/eslint-plugin-next-16.2.4.tgz"","
"package-lock.json","3893","eslint-plugin-react-7.37.5","""resolved"": ""https://registry.npmjs.org/eslint-plugin-react/-/eslint-plugin-react-7.37.5.tgz"","
"package-lock.json","3926","eslint-plugin-react-hooks-7.1.1","""resolved"": ""https://registry.npmjs.org/eslint-plugin-react-hooks/-/eslint-plugin-react-hooks-7.1.1.tgz"","
"package-lock.json","399","eslintrc-3.3.5","""resolved"": ""https://registry.npmjs.org/@eslint/eslintrc/-/eslintrc-3.3.5.tgz"","
"package-lock.json","3946","eslint-scope-8.4.0","""resolved"": ""https://registry.npmjs.org/eslint-scope/-/eslint-scope-8.4.0.tgz"","
"package-lock.json","316","eslint-utils-4.9.1","""resolved"": ""https://registry.npmjs.org/@eslint-community/eslint-utils/-/eslint-utils-4.9.1.tgz"","
"package-lock.json","335","eslint-visitor-keys-3.4.3","""resolved"": ""https://registry.npmjs.org/eslint-visitor-keys/-/eslint-visitor-keys-3.4.3.tgz"","
"package-lock.json","3963","eslint-visitor-keys-4.2.1","""resolved"": ""https://registry.npmjs.org/eslint-visitor-keys/-/eslint-visitor-keys-4.2.1.tgz"","
"package-lock.json","2165","eslint-visitor-keys-5.0.1","""resolved"": ""https://registry.npmjs.org/eslint-visitor-keys/-/eslint-visitor-keys-5.0.1.tgz"","
"package-lock.json","3541","es-object-atoms-1.1.1","""resolved"": ""https://registry.npmjs.org/es-object-atoms/-/es-object-atoms-1.1.1.tgz"","
"package-lock.json","3976","espree-10.4.0","""resolved"": ""https://registry.npmjs.org/espree/-/espree-10.4.0.tgz"","
"package-lock.json","3994","esquery-1.7.0","""resolved"": ""https://registry.npmjs.org/esquery/-/esquery-1.7.0.tgz"","
"package-lock.json","4007","esrecurse-4.3.0","""resolved"": ""https://registry.npmjs.org/esrecurse/-/esrecurse-4.3.0.tgz"","
"package-lock.json","3554","es-set-tostringtag-2.1.0","""resolved"": ""https://registry.npmjs.org/es-set-tostringtag/-/es-set-tostringtag-2.1.0.tgz"","
"package-lock.json","3570","es-shim-unscopables-1.1.0","""resolved"": ""https://registry.npmjs.org/es-shim-unscopables/-/es-shim-unscopables-1.1.0.tgz"","
"package-lock.json","3601","es-toolkit-1.46.1","""resolved"": ""https://registry.npmjs.org/es-toolkit/-/es-toolkit-1.46.1.tgz"","
"package-lock.json","3583","es-to-primitive-1.3.0","""resolved"": ""https://registry.npmjs.org/es-to-primitive/-/es-to-primitive-1.3.0.tgz"","
"package-lock.json","4020","estraverse-5.3.0","""resolved"": ""https://registry.npmjs.org/estraverse/-/estraverse-5.3.0.tgz"","
"package-lock.json","1826","estree-1.0.8","""resolved"": ""https://registry.npmjs.org/@types/estree/-/estree-1.0.8.tgz"","
"package-lock.json","4030","esutils-2.0.3","""resolved"": ""https://registry.npmjs.org/esutils/-/esutils-2.0.3.tgz"","
"app\components\retention\OpportunityBank.tsx","100","event.target.value","onChange={(event) => setFilter(event.target.value)}"
"package-lock.json","4040","eventemitter3-5.0.4","""resolved"": ""https://registry.npmjs.org/eventemitter3/-/eventemitter3-5.0.4.tgz"","
"package-lock.json","4046","extend-3.0.2","""resolved"": ""https://registry.npmjs.org/extend/-/extend-3.0.2.tgz"","
"package-lock.json","4052","fast-deep-equal-3.1.3","""resolved"": ""https://registry.npmjs.org/fast-deep-equal/-/fast-deep-equal-3.1.3.tgz"","
"package-lock.json","4059","fast-glob-3.3.1","""resolved"": ""https://registry.npmjs.org/fast-glob/-/fast-glob-3.3.1.tgz"","
"package-lock.json","4089","fast-json-stable-stringify-2.1.0","""resolved"": ""https://registry.npmjs.org/fast-json-stable-stringify/-/fast-json-stable-stringify-2.1.0.tgz"","
"package-lock.json","4096","fast-levenshtein-2.0.6","""resolved"": ""https://registry.npmjs.org/fast-levenshtein/-/fast-levenshtein-2.0.6.tgz"","
"package-lock.json","4103","fastq-1.20.1","""resolved"": ""https://registry.npmjs.org/fastq/-/fastq-1.20.1.tgz"","
"package-lock.json","7101","fdir-6.5.0","""resolved"": ""https://registry.npmjs.org/fdir/-/fdir-6.5.0.tgz"","
"package-lock.json","4113","fetch-blob-3.2.0","""resolved"": ""https://registry.npmjs.org/fetch-blob/-/fetch-blob-3.2.0.tgz"","
"package-lock.json","4136","file-entry-cache-8.0.0","""resolved"": ""https://registry.npmjs.org/file-entry-cache/-/file-entry-cache-8.0.0.tgz"","
"package-lock.json","4149","fill-range-7.1.1","""resolved"": ""https://registry.npmjs.org/fill-range/-/fill-range-7.1.1.tgz"","
"app\components\retention\ActionTracker.tsx","169","filtered.length.toString","value={filtered.length.toString()}"
"app\components\retention\HypothesisLab.tsx","76","filtered.length.toString","<Card label=""Hypotheses"" value={filtered.length.toString()} />"
"package-lock.json","4162","find-up-5.0.0","""resolved"": ""https://registry.npmjs.org/find-up/-/find-up-5.0.0.tgz"","
"package-lock.json","4179","flat-cache-4.0.1","""resolved"": ""https://registry.npmjs.org/flat-cache/-/flat-cache-4.0.1.tgz"","
"package-lock.json","4193","flatted-3.4.2","""resolved"": ""https://registry.npmjs.org/flatted/-/flatted-3.4.2.tgz"","
"package-lock.json","4200","for-each-0.3.5","""resolved"": ""https://registry.npmjs.org/for-each/-/for-each-0.3.5.tgz"","
"package-lock.json","4216","formdata-polyfill-4.0.10","""resolved"": ""https://registry.npmjs.org/formdata-polyfill/-/formdata-polyfill-4.0.10.tgz"","
"package-lock.json","5968","fromentries-2.0.8","""resolved"": ""https://registry.npmjs.org/object.fromentries/-/object.fromentries-2.0.8.tgz"","
"package-lock.json","3442","function.prototype.name","""function.prototype.name"": ""^1.1.8"","
"package-lock.json","4236","function.prototype.name","""node_modules/function.prototype.name"": {"
"package-lock.json","4238","function.prototype.name","""resolved"": ""https://registry.npmjs.org/function.prototype.name/-/function.prototype.name-1.1.8.tgz"","
"package-lock.json","7509","function.prototype.name","""function.prototype.name"": ""^1.1.6"","
"package-lock.json","4228","function-bind-1.1.2","""resolved"": ""https://registry.npmjs.org/function-bind/-/function-bind-1.1.2.tgz"","
"package-lock.json","4259","functions-have-names-1.2.3","""resolved"": ""https://registry.npmjs.org/functions-have-names/-/functions-have-names-1.2.3.tgz"","
"package-lock.json","4269","gaxios-7.1.4","""resolved"": ""https://registry.npmjs.org/gaxios/-/gaxios-7.1.4.tgz"","
"package-lock.json","4283","gcp-metadata-8.1.2","""resolved"": ""https://registry.npmjs.org/gcp-metadata/-/gcp-metadata-8.1.2.tgz"","
"package-lock.json","99","generator-7.29.1","""resolved"": ""https://registry.npmjs.org/@babel/generator/-/generator-7.29.1.tgz"","
"package-lock.json","4297","generator-function-2.0.1","""resolved"": ""https://registry.npmjs.org/generator-function/-/generator-function-2.0.1.tgz"","
"package-lock.json","1138","gen-mapping-0.3.13","""resolved"": ""https://registry.npmjs.org/@jridgewell/gen-mapping/-/gen-mapping-0.3.13.tgz"","
"package-lock.json","4307","gensync-1.0.0","""resolved"": ""https://registry.npmjs.org/gensync/-/gensync-1.0.0-beta.2.tgz"","
"package-lock.json","4317","get-intrinsic-1.3.0","""resolved"": ""https://registry.npmjs.org/get-intrinsic/-/get-intrinsic-1.3.0.tgz"","
"package-lock.json","4342","get-proto-1.0.1","""resolved"": ""https://registry.npmjs.org/get-proto/-/get-proto-1.0.1.tgz"","
"package-lock.json","6358","getprototypeof-1.0.10","""resolved"": ""https://registry.npmjs.org/reflect.getprototypeof/-/reflect.getprototypeof-1.0.10.tgz"","
"package-lock.json","4356","get-symbol-description-1.1.0","""resolved"": ""https://registry.npmjs.org/get-symbol-description/-/get-symbol-description-1.1.0.tgz"","
"package-lock.json","4374","get-tsconfig-4.14.0","""resolved"": ""https://registry.npmjs.org/get-tsconfig/-/get-tsconfig-4.14.0.tgz"","
"package-lock.json","4400","globals-14.0.0","""resolved"": ""https://registry.npmjs.org/globals/-/globals-14.0.0.tgz"","
"package-lock.json","3721","globals-16.4.0","""resolved"": ""https://registry.npmjs.org/globals/-/globals-16.4.0.tgz"","
"package-lock.json","4413","globalthis-1.0.4","""resolved"": ""https://registry.npmjs.org/globalthis/-/globalthis-1.0.4.tgz"","
"package-lock.json","4076","glob-parent-5.1.2","""resolved"": ""https://registry.npmjs.org/glob-parent/-/glob-parent-5.1.2.tgz"","
"package-lock.json","4387","glob-parent-6.0.2","""resolved"": ""https://registry.npmjs.org/glob-parent/-/glob-parent-6.0.2.tgz"","
"package-lock.json","4430","google-auth-library-10.6.2","""resolved"": ""https://registry.npmjs.org/google-auth-library/-/google-auth-library-10.6.2.tgz"","
"package-lock.json","4447","google-logging-utils-1.1.3","""resolved"": ""https://registry.npmjs.org/google-logging-utils/-/google-logging-utils-1.1.3.tgz"","
"package-lock.json","4456","gopd-1.2.0","""resolved"": ""https://registry.npmjs.org/gopd/-/gopd-1.2.0.tgz"","
"package-lock.json","4469","graceful-fs-4.2.11","""resolved"": ""https://registry.npmjs.org/graceful-fs/-/graceful-fs-4.2.11.tgz"","
"package-lock.json","5987","groupby-1.0.3","""resolved"": ""https://registry.npmjs.org/object.groupby/-/object.groupby-1.0.3.tgz"","
"package-lock.json","4476","has-bigints-1.1.0","""resolved"": ""https://registry.npmjs.org/has-bigints/-/has-bigints-1.1.0.tgz"","
"package-lock.json","4489","has-flag-4.0.0","""resolved"": ""https://registry.npmjs.org/has-flag/-/has-flag-4.0.0.tgz"","
"package-lock.json","4557","hasown-2.0.3","""resolved"": ""https://registry.npmjs.org/hasown/-/hasown-2.0.3.tgz"","
"package-lock.json","4499","has-property-descriptors-1.0.2","""resolved"": ""https://registry.npmjs.org/has-property-descriptors/-/has-property-descriptors-1.0.2.tgz"","
"package-lock.json","4512","has-proto-1.2.0","""resolved"": ""https://registry.npmjs.org/has-proto/-/has-proto-1.2.0.tgz"","
"package-lock.json","4528","has-symbols-1.1.0","""resolved"": ""https://registry.npmjs.org/has-symbols/-/has-symbols-1.1.0.tgz"","
"package-lock.json","4541","has-tostringtag-1.0.2","""resolved"": ""https://registry.npmjs.org/has-tostringtag/-/has-tostringtag-1.0.2.tgz"","
"package-lock.json","116","helper-compilation-targets-7.28.6","""resolved"": ""https://registry.npmjs.org/@babel/helper-compilation-targets/-/helper-compilation-targets-7.28.6.tgz"","
"package-lock.json","133","helper-globals-7.28.0","""resolved"": ""https://registry.npmjs.org/@babel/helper-globals/-/helper-globals-7.28.0.tgz"","
"package-lock.json","143","helper-module-imports-7.28.6","""resolved"": ""https://registry.npmjs.org/@babel/helper-module-imports/-/helper-module-imports-7.28.6.tgz"","
"package-lock.json","157","helper-module-transforms-7.28.6","""resolved"": ""https://registry.npmjs.org/@babel/helper-module-transforms/-/helper-module-transforms-7.28.6.tgz"","
"package-lock.json","1460","helpers-0.5.15","""resolved"": ""https://registry.npmjs.org/@swc/helpers/-/helpers-0.5.15.tgz"","
"package-lock.json","205","helpers-7.29.2","""resolved"": ""https://registry.npmjs.org/@babel/helpers/-/helpers-7.29.2.tgz"","
"package-lock.json","175","helper-string-parser-7.27.1","""resolved"": ""https://registry.npmjs.org/@babel/helper-string-parser/-/helper-string-parser-7.27.1.tgz"","
"package-lock.json","185","helper-validator-identifier-7.28.5","""resolved"": ""https://registry.npmjs.org/@babel/helper-validator-identifier/-/helper-validator-identifier-7.28.5.tgz"","
"package-lock.json","195","helper-validator-option-7.27.1","""resolved"": ""https://registry.npmjs.org/@babel/helper-validator-option/-/helper-validator-option-7.27.1.tgz"","
"package-lock.json","4570","hermes-estree-0.25.1","""resolved"": ""https://registry.npmjs.org/hermes-estree/-/hermes-estree-0.25.1.tgz"","
"package-lock.json","4577","hermes-parser-0.25.1","""resolved"": ""https://registry.npmjs.org/hermes-parser/-/hermes-parser-0.25.1.tgz"","
"package-lock.json","4587","html-entities-2.6.0","""resolved"": ""https://registry.npmjs.org/html-entities/-/html-entities-2.6.0.tgz"","
"package-lock.json","4603","http-proxy-agent-7.0.2","""resolved"": ""https://registry.npmjs.org/http-proxy-agent/-/http-proxy-agent-7.0.2.tgz"","
"package-lock.json","4616","https-proxy-agent-7.0.6","""resolved"": ""https://registry.npmjs.org/https-proxy-agent/-/https-proxy-agent-7.0.6.tgz"","
"package-lock.json","4629","ignore-5.3.2","""resolved"": ""https://registry.npmjs.org/ignore/-/ignore-5.3.2.tgz"","
"package-lock.json","1912","ignore-7.0.5","""resolved"": ""https://registry.npmjs.org/ignore/-/ignore-7.0.5.tgz"","
"package-lock.json","4639","immer-10.2.0","""resolved"": ""https://registry.npmjs.org/immer/-/immer-10.2.0.tgz"","
"package-lock.json","1431","immer-11.1.4","""resolved"": ""https://registry.npmjs.org/immer/-/immer-11.1.4.tgz"","
"package-lock.json","4649","import-fresh-3.3.1","""resolved"": ""https://registry.npmjs.org/import-fresh/-/import-fresh-3.3.1.tgz"","
"package-lock.json","4666","imurmurhash-0.1.4","""resolved"": ""https://registry.npmjs.org/imurmurhash/-/imurmurhash-0.1.4.tgz"","
"package-lock.json","4676","inherits-2.0.4","""resolved"": ""https://registry.npmjs.org/inherits/-/inherits-2.0.4.tgz"","
"package-lock.json","4682","internal-slot-1.1.0","""resolved"": ""https://registry.npmjs.org/internal-slot/-/internal-slot-1.1.0.tgz"","
"package-lock.json","4697","internmap-2.0.3","""resolved"": ""https://registry.npmjs.org/internmap/-/internmap-2.0.3.tgz"","
"package-lock.json","5121","isarray-2.0.5","""resolved"": ""https://registry.npmjs.org/isarray/-/isarray-2.0.5.tgz"","
"package-lock.json","4706","is-array-buffer-3.0.5","""resolved"": ""https://registry.npmjs.org/is-array-buffer/-/is-array-buffer-3.0.5.tgz"","
"package-lock.json","4724","is-async-function-2.1.1","""resolved"": ""https://registry.npmjs.org/is-async-function/-/is-async-function-2.1.1.tgz"","
"package-lock.json","4744","is-bigint-1.1.0","""resolved"": ""https://registry.npmjs.org/is-bigint/-/is-bigint-1.1.0.tgz"","
"package-lock.json","4760","is-boolean-object-1.2.2","""resolved"": ""https://registry.npmjs.org/is-boolean-object/-/is-boolean-object-1.2.2.tgz"","
"package-lock.json","4777","is-bun-module-2.0.0","""resolved"": ""https://registry.npmjs.org/is-bun-module/-/is-bun-module-2.0.0.tgz"","
"package-lock.json","4800","is-callable-1.2.7","""resolved"": ""https://registry.npmjs.org/is-callable/-/is-callable-1.2.7.tgz"","
"package-lock.json","1395","is-core-module-1.0.39","""resolved"": ""https://registry.npmjs.org/@nolyfill/is-core-module/-/is-core-module-1.0.39.tgz"","
"package-lock.json","4813","is-core-module-2.16.1","""resolved"": ""https://registry.npmjs.org/is-core-module/-/is-core-module-2.16.1.tgz"","
"package-lock.json","4829","is-data-view-1.0.2","""resolved"": ""https://registry.npmjs.org/is-data-view/-/is-data-view-1.0.2.tgz"","
"package-lock.json","4847","is-date-object-1.1.0","""resolved"": ""https://registry.npmjs.org/is-date-object/-/is-date-object-1.1.0.tgz"","
"package-lock.json","5128","isexe-2.0.0","""resolved"": ""https://registry.npmjs.org/isexe/-/isexe-2.0.0.tgz"","
"package-lock.json","4864","is-extglob-2.1.1","""resolved"": ""https://registry.npmjs.org/is-extglob/-/is-extglob-2.1.1.tgz"","
"package-lock.json","4874","is-finalizationregistry-1.1.1","""resolved"": ""https://registry.npmjs.org/is-finalizationregistry/-/is-finalizationregistry-1.1.1.tgz"","
"package-lock.json","4890","is-generator-function-1.1.2","""resolved"": ""https://registry.npmjs.org/is-generator-function/-/is-generator-function-1.1.2.tgz"","
"package-lock.json","4910","is-glob-4.0.3","""resolved"": ""https://registry.npmjs.org/is-glob/-/is-glob-4.0.3.tgz"","
"package-lock.json","4923","is-map-2.0.3","""resolved"": ""https://registry.npmjs.org/is-map/-/is-map-2.0.3.tgz"","
"package-lock.json","4936","is-negative-zero-2.0.3","""resolved"": ""https://registry.npmjs.org/is-negative-zero/-/is-negative-zero-2.0.3.tgz"","
"package-lock.json","4949","is-number-7.0.0","""resolved"": ""https://registry.npmjs.org/is-number/-/is-number-7.0.0.tgz"","
"package-lock.json","4959","is-number-object-1.1.1","""resolved"": ""https://registry.npmjs.org/is-number-object/-/is-number-object-1.1.1.tgz"","
"package-lock.json","4976","is-regex-1.2.1","""resolved"": ""https://registry.npmjs.org/is-regex/-/is-regex-1.2.1.tgz"","
"package-lock.json","4995","is-set-2.0.3","""resolved"": ""https://registry.npmjs.org/is-set/-/is-set-2.0.3.tgz"","
"package-lock.json","5008","is-shared-array-buffer-1.0.4","""resolved"": ""https://registry.npmjs.org/is-shared-array-buffer/-/is-shared-array-buffer-1.0.4.tgz"","
"package-lock.json","5024","is-string-1.1.1","""resolved"": ""https://registry.npmjs.org/is-string/-/is-string-1.1.1.tgz"","
"package-lock.json","5041","is-symbol-1.1.1","""resolved"": ""https://registry.npmjs.org/is-symbol/-/is-symbol-1.1.1.tgz"","
"package-lock.json","5059","is-typed-array-1.1.15","""resolved"": ""https://registry.npmjs.org/is-typed-array/-/is-typed-array-1.1.15.tgz"","
"package-lock.json","5075","is-weakmap-2.0.2","""resolved"": ""https://registry.npmjs.org/is-weakmap/-/is-weakmap-2.0.2.tgz"","
"package-lock.json","5088","is-weakref-1.1.1","""resolved"": ""https://registry.npmjs.org/is-weakref/-/is-weakref-1.1.1.tgz"","
"package-lock.json","5104","is-weakset-2.0.4","""resolved"": ""https://registry.npmjs.org/is-weakset/-/is-weakset-2.0.4.tgz"","
"package-lock.json","5153","jiti-2.6.1","""resolved"": ""https://registry.npmjs.org/jiti/-/jiti-2.6.1.tgz"","
"package-lock.json","2817","js-7.0.1","""resolved"": ""https://registry.npmjs.org/big.js/-/big.js-7.0.1.tgz"","
"package-lock.json","2830","js-9.3.1","""resolved"": ""https://registry.npmjs.org/bignumber.js/-/bignumber.js-9.3.1.tgz"","
"package-lock.json","423","js-9.39.4","""resolved"": ""https://registry.npmjs.org/@eslint/js/-/js-9.39.4.tgz"","
"package-lock.json","5183","jsesc-3.1.0","""resolved"": ""https://registry.npmjs.org/jsesc/-/jsesc-3.1.0.tgz"","
"package-lock.json","3279","js-light-2.5.1","""resolved"": ""https://registry.npmjs.org/decimal.js-light/-/decimal.js-light-2.5.1.tgz"","
"package-lock.json","1840","json5-0.0.29","""resolved"": ""https://registry.npmjs.org/@types/json5/-/json5-0.0.29.tgz"","
"package-lock.json","7171","json5-1.0.2","""resolved"": ""https://registry.npmjs.org/json5/-/json5-1.0.2.tgz"","
"package-lock.json","5226","json5-2.2.3","""resolved"": ""https://registry.npmjs.org/json5/-/json5-2.2.3.tgz"","
"package-lock.json","5196","json-bigint-1.0.0","""resolved"": ""https://registry.npmjs.org/json-bigint/-/json-bigint-1.0.0.tgz"","
"package-lock.json","5205","json-buffer-3.0.1","""resolved"": ""https://registry.npmjs.org/json-buffer/-/json-buffer-3.0.1.tgz"","
"package-lock.json","1833","json-schema-7.0.15","""resolved"": ""https://registry.npmjs.org/@types/json-schema/-/json-schema-7.0.15.tgz"","
"package-lock.json","5212","json-schema-traverse-0.4.1","""resolved"": ""https://registry.npmjs.org/json-schema-traverse/-/json-schema-traverse-0.4.1.tgz"","
"package-lock.json","5219","json-stable-stringify-without-jsonify-1.0.1","""resolved"": ""https://registry.npmjs.org/json-stable-stringify-without-jsonify/-/json-stable-stringify-without-jsonify-1.0.1.tgz"","
"package-lock.json","5163","js-tokens-4.0.0","""resolved"": ""https://registry.npmjs.org/js-tokens/-/js-tokens-4.0.0.tgz"","
"package-lock.json","5239","jsx-ast-utils-3.3.5","""resolved"": ""https://registry.npmjs.org/jsx-ast-utils/-/jsx-ast-utils-3.3.5.tgz"","
"package-lock.json","5170","js-yaml-4.1.1","""resolved"": ""https://registry.npmjs.org/js-yaml/-/js-yaml-4.1.1.tgz"","
"package-lock.json","5255","jwa-2.0.1","""resolved"": ""https://registry.npmjs.org/jwa/-/jwa-2.0.1.tgz"","
"package-lock.json","5266","jws-4.0.1","""resolved"": ""https://registry.npmjs.org/jws/-/jws-4.0.1.tgz"","
"package-lock.json","5276","keyv-4.5.4","""resolved"": ""https://registry.npmjs.org/keyv/-/keyv-4.5.4.tgz"","
"package-lock.json","5286","language-subtag-registry-0.3.23","""resolved"": ""https://registry.npmjs.org/language-subtag-registry/-/language-subtag-registry-0.3.23.tgz"","
"package-lock.json","5293","language-tags-1.0.9","""resolved"": ""https://registry.npmjs.org/language-tags/-/language-tags-1.0.9.tgz"","
"package-lock.json","5306","levn-0.4.1","""resolved"": ""https://registry.npmjs.org/levn/-/levn-0.4.1.tgz"","
"package-lock.json","5320","lightningcss-1.32.0","""resolved"": ""https://registry.npmjs.org/lightningcss/-/lightningcss-1.32.0.tgz"","
"package-lock.json","5350","lightningcss-android-arm64-1.32.0","""resolved"": ""https://registry.npmjs.org/lightningcss-android-arm64/-/lightningcss-android-arm64-1.32.0.tgz"","
"package-lock.json","5371","lightningcss-darwin-arm64-1.32.0","""resolved"": ""https://registry.npmjs.org/lightningcss-darwin-arm64/-/lightningcss-darwin-arm64-1.32.0.tgz"","
"package-lock.json","5392","lightningcss-darwin-x64-1.32.0","""resolved"": ""https://registry.npmjs.org/lightningcss-darwin-x64/-/lightningcss-darwin-x64-1.32.0.tgz"","
"package-lock.json","5413","lightningcss-freebsd-x64-1.32.0","""resolved"": ""https://registry.npmjs.org/lightningcss-freebsd-x64/-/lightningcss-freebsd-x64-1.32.0.tgz"","
"package-lock.json","5455","lightningcss-linux-arm64-gnu-1.32.0","""resolved"": ""https://registry.npmjs.org/lightningcss-linux-arm64-gnu/-/lightningcss-linux-arm64-gnu-1.32.0.tgz"","
"package-lock.json","5479","lightningcss-linux-arm64-musl-1.32.0","""resolved"": ""https://registry.npmjs.org/lightningcss-linux-arm64-musl/-/lightningcss-linux-arm64-musl-1.32.0.tgz"","
"package-lock.json","5434","lightningcss-linux-arm-gnueabihf-1.32.0","""resolved"": ""https://registry.npmjs.org/lightningcss-linux-arm-gnueabihf/-/lightningcss-linux-arm-gnueabihf-1.32.0.tgz"","
"package-lock.json","5503","lightningcss-linux-x64-gnu-1.32.0","""resolved"": ""https://registry.npmjs.org/lightningcss-linux-x64-gnu/-/lightningcss-linux-x64-gnu-1.32.0.tgz"","
"package-lock.json","5527","lightningcss-linux-x64-musl-1.32.0","""resolved"": ""https://registry.npmjs.org/lightningcss-linux-x64-musl/-/lightningcss-linux-x64-musl-1.32.0.tgz"","
"package-lock.json","5551","lightningcss-win32-arm64-msvc-1.32.0","""resolved"": ""https://registry.npmjs.org/lightningcss-win32-arm64-msvc/-/lightningcss-win32-arm64-msvc-1.32.0.tgz"","
"package-lock.json","5572","lightningcss-win32-x64-msvc-1.32.0","""resolved"": ""https://registry.npmjs.org/lightningcss-win32-x64-msvc/-/lightningcss-win32-x64-msvc-1.32.0.tgz"","
"package-lock.json","5593","locate-path-6.0.0","""resolved"": ""https://registry.npmjs.org/locate-path/-/locate-path-6.0.0.tgz"","
"package-lock.json","5616","loose-envify-1.4.0","""resolved"": ""https://registry.npmjs.org/loose-envify/-/loose-envify-1.4.0.tgz"","
"package-lock.json","5629","lru-cache-5.1.1","""resolved"": ""https://registry.npmjs.org/lru-cache/-/lru-cache-5.1.1.tgz"","
"package-lock.json","5639","magic-string-0.30.21","""resolved"": ""https://registry.npmjs.org/magic-string/-/magic-string-0.30.21.tgz"","
"package-lock.json","5649","math-intrinsics-1.1.0","""resolved"": ""https://registry.npmjs.org/math-intrinsics/-/math-intrinsics-1.1.0.tgz"","
"package-lock.json","5659","merge2-1.4.1","""resolved"": ""https://registry.npmjs.org/merge2/-/merge2-1.4.1.tgz"","
"package-lock.json","5609","merge-4.6.2","""resolved"": ""https://registry.npmjs.org/lodash.merge/-/lodash.merge-4.6.2.tgz"","
"package-lock.json","5669","micromatch-4.0.8","""resolved"": ""https://registry.npmjs.org/micromatch/-/micromatch-4.0.8.tgz"","
"package-lock.json","2094","minimatch-10.2.5","""resolved"": ""https://registry.npmjs.org/minimatch/-/minimatch-10.2.5.tgz"","
"package-lock.json","5683","minimatch-3.1.5","""resolved"": ""https://registry.npmjs.org/minimatch/-/minimatch-3.1.5.tgz"","
"package-lock.json","5696","minimist-1.2.8","""resolved"": ""https://registry.npmjs.org/minimist/-/minimist-1.2.8.tgz"","
"package-lock.json","596","module-importer-1.0.1","""resolved"": ""https://registry.npmjs.org/@humanwhocodes/module-importer/-/module-importer-1.0.1.tgz"","
"package-lock.json","5706","ms-2.1.3","""resolved"": ""https://registry.npmjs.org/ms/-/ms-2.1.3.tgz"","
"package-lock.json","5712","nanoid-3.3.11","""resolved"": ""https://registry.npmjs.org/nanoid/-/nanoid-3.3.11.tgz"","
"package-lock.json","5730","napi-postinstall-0.3.4","""resolved"": ""https://registry.npmjs.org/napi-postinstall/-/napi-postinstall-0.3.4.tgz"","
"package-lock.json","5746","natural-compare-1.4.0","""resolved"": ""https://registry.npmjs.org/natural-compare/-/natural-compare-1.4.0.tgz"","
"package-lock.json","6408","next.6.tgz","""resolved"": ""https://registry.npmjs.org/resolve/-/resolve-2.0.0-next.6.tgz"","
"package-lock.json","5753","next-16.2.4","""resolved"": ""https://registry.npmjs.org/next/-/next-16.2.4.tgz"","
"eslint.config.mjs","14","next-env.d.ts","""next-env.d.ts"","
"tsconfig.json","26","next-env.d.ts","""next-env.d.ts"","
"package-lock.json","571","node-0.16.8","""resolved"": ""https://registry.npmjs.org/@humanfs/node/-/node-0.16.8.tgz"","
"package-lock.json","1847","node-20.19.39","""resolved"": ""https://registry.npmjs.org/@types/node/-/node-20.19.39.tgz"","
"package-lock.json","1469","node-4.2.4","""resolved"": ""https://registry.npmjs.org/@tailwindcss/node/-/node-4.2.4.tgz"","
"package-lock.json","5834","node-domexception-1.0.0","""resolved"": ""https://registry.npmjs.org/node-domexception/-/node-domexception-1.0.0.tgz"","
"package-lock.json","5854","node-exports-info-1.6.0","""resolved"": ""https://registry.npmjs.org/node-exports-info/-/node-exports-info-1.6.0.tgz"","
"package-lock.json","5873","node-fetch-3.3.2","""resolved"": ""https://registry.npmjs.org/node-fetch/-/node-fetch-3.3.2.tgz"","
"package-lock.json","5891","node-releases-2.0.38","""resolved"": ""https://registry.npmjs.org/node-releases/-/node-releases-2.0.38.tgz"","
"package-lock.json","5898","object-assign-4.1.1","""resolved"": ""https://registry.npmjs.org/object-assign/-/object-assign-4.1.1.tgz"","
"package-lock.json","5908","object-inspect-1.13.4","""resolved"": ""https://registry.npmjs.org/object-inspect/-/object-inspect-1.13.4.tgz"","
"package-lock.json","5921","object-keys-1.1.1","""resolved"": ""https://registry.npmjs.org/object-keys/-/object-keys-1.1.1.tgz"","
"package-lock.json","436","object-schema-2.1.7","""resolved"": ""https://registry.npmjs.org/@eslint/object-schema/-/object-schema-2.1.7.tgz"","
"package-lock.json","6021","once-1.4.0","""resolved"": ""https://registry.npmjs.org/once/-/once-1.4.0.tgz"","
"package-lock.json","6030","optionator-0.9.4","""resolved"": ""https://registry.npmjs.org/optionator/-/optionator-0.9.4.tgz"","
"package-lock.json","6048","own-keys-1.0.1","""resolved"": ""https://registry.npmjs.org/own-keys/-/own-keys-1.0.1.tgz"","
"package-lock.json","1485","oxide-4.2.4","""resolved"": ""https://registry.npmjs.org/@tailwindcss/oxide/-/oxide-4.2.4.tgz"","
"package-lock.json","1509","oxide-android-arm64-4.2.4","""resolved"": ""https://registry.npmjs.org/@tailwindcss/oxide-android-arm64/-/oxide-android-arm64-4.2.4.tgz"","
"package-lock.json","1526","oxide-darwin-arm64-4.2.4","""resolved"": ""https://registry.npmjs.org/@tailwindcss/oxide-darwin-arm64/-/oxide-darwin-arm64-4.2.4.tgz"","
"package-lock.json","1543","oxide-darwin-x64-4.2.4","""resolved"": ""https://registry.npmjs.org/@tailwindcss/oxide-darwin-x64/-/oxide-darwin-x64-4.2.4.tgz"","
"package-lock.json","1560","oxide-freebsd-x64-4.2.4","""resolved"": ""https://registry.npmjs.org/@tailwindcss/oxide-freebsd-x64/-/oxide-freebsd-x64-4.2.4.tgz"","
"package-lock.json","1594","oxide-linux-arm64-gnu-4.2.4","""resolved"": ""https://registry.npmjs.org/@tailwindcss/oxide-linux-arm64-gnu/-/oxide-linux-arm64-gnu-4.2.4.tgz"","
"package-lock.json","1614","oxide-linux-arm64-musl-4.2.4","""resolved"": ""https://registry.npmjs.org/@tailwindcss/oxide-linux-arm64-musl/-/oxide-linux-arm64-musl-4.2.4.tgz"","
"package-lock.json","1577","oxide-linux-arm-gnueabihf-4.2.4","""resolved"": ""https://registry.npmjs.org/@tailwindcss/oxide-linux-arm-gnueabihf/-/oxide-linux-arm-gnueabihf-4.2.4.tgz"","
"package-lock.json","1634","oxide-linux-x64-gnu-4.2.4","""resolved"": ""https://registry.npmjs.org/@tailwindcss/oxide-linux-x64-gnu/-/oxide-linux-x64-gnu-4.2.4.tgz"","
"package-lock.json","1654","oxide-linux-x64-musl-4.2.4","""resolved"": ""https://registry.npmjs.org/@tailwindcss/oxide-linux-x64-musl/-/oxide-linux-x64-musl-4.2.4.tgz"","
"package-lock.json","1674","oxide-wasm32-wasi-4.2.4","""resolved"": ""https://registry.npmjs.org/@tailwindcss/oxide-wasm32-wasi/-/oxide-wasm32-wasi-4.2.4.tgz"","
"package-lock.json","1704","oxide-win32-arm64-msvc-4.2.4","""resolved"": ""https://registry.npmjs.org/@tailwindcss/oxide-win32-arm64-msvc/-/oxide-win32-arm64-msvc-4.2.4.tgz"","
"package-lock.json","1721","oxide-win32-x64-msvc-4.2.4","""resolved"": ""https://registry.npmjs.org/@tailwindcss/oxide-win32-x64-msvc/-/oxide-win32-x64-msvc-4.2.4.tgz"","
"package-lock.json","519","paginator-6.0.0","""resolved"": ""https://registry.npmjs.org/@google-cloud/paginator/-/paginator-6.0.0.tgz"","
"package-lock.json","6098","parent-module-1.0.1","""resolved"": ""https://registry.npmjs.org/parent-module/-/parent-module-1.0.1.tgz"","
"package-lock.json","219","parser-7.29.2","""resolved"": ""https://registry.npmjs.org/@babel/parser/-/parser-7.29.2.tgz"","
"package-lock.json","1922","parser-8.59.1","""resolved"": ""https://registry.npmjs.org/@typescript-eslint/parser/-/parser-8.59.1.tgz"","
"package-lock.json","6111","path-exists-4.0.0","""resolved"": ""https://registry.npmjs.org/path-exists/-/path-exists-4.0.0.tgz"","
"package-lock.json","6121","path-key-3.1.1","""resolved"": ""https://registry.npmjs.org/path-key/-/path-key-3.1.1.tgz"","
"package-lock.json","6131","path-parse-1.0.7","""resolved"": ""https://registry.npmjs.org/path-parse/-/path-parse-1.0.7.tgz"","
"package-lock.json","6138","picocolors-1.1.1","""resolved"": ""https://registry.npmjs.org/picocolors/-/picocolors-1.1.1.tgz"","
"package-lock.json","6144","picomatch-2.3.2","""resolved"": ""https://registry.npmjs.org/picomatch/-/picomatch-2.3.2.tgz"","
"package-lock.json","7119","picomatch-4.0.4","""resolved"": ""https://registry.npmjs.org/picomatch/-/picomatch-4.0.4.tgz"","
"package-lock.json","6066","p-limit-3.1.0","""resolved"": ""https://registry.npmjs.org/p-limit/-/p-limit-3.1.0.tgz"","
"package-lock.json","6082","p-locate-5.0.0","""resolved"": ""https://registry.npmjs.org/p-locate/-/p-locate-5.0.0.tgz"","
"package-lock.json","446","plugin-kit-0.4.1","""resolved"": ""https://registry.npmjs.org/@eslint/plugin-kit/-/plugin-kit-0.4.1.tgz"","
"package-lock.json","6157","possible-typed-array-names-1.1.0","""resolved"": ""https://registry.npmjs.org/possible-typed-array-names/-/possible-typed-array-names-1.1.0.tgz"","
"package-lock.json","1738","postcss-4.2.4","""resolved"": ""https://registry.npmjs.org/@tailwindcss/postcss/-/postcss-4.2.4.tgz"","
"package-lock.json","5806","postcss-8.4.31","""resolved"": ""https://registry.npmjs.org/postcss/-/postcss-8.4.31.tgz"","
"package-lock.json","6167","postcss-8.5.12","""resolved"": ""https://registry.npmjs.org/postcss/-/postcss-8.5.12.tgz"","
"package-lock.json","531","precise-date-5.0.0","""resolved"": ""https://registry.npmjs.org/@google-cloud/precise-date/-/precise-date-5.0.0.tgz"","
"package-lock.json","6196","prelude-ls-1.2.1","""resolved"": ""https://registry.npmjs.org/prelude-ls/-/prelude-ls-1.2.1.tgz"","
"app\api\google-os\campaign\route.ts","7","process.env.GCP_CLIENT_EMAIL","client_email: process.env.GCP_CLIENT_EMAIL,"
"app\api\google-os\channel-mix\route.ts","7","process.env.GCP_CLIENT_EMAIL","client_email: process.env.GCP_CLIENT_EMAIL,"
"app\api\google-os\overview\route.ts","7","process.env.GCP_CLIENT_EMAIL","client_email: process.env.GCP_CLIENT_EMAIL,"
"app\api\google-os\search-terms\route.ts","7","process.env.GCP_CLIENT_EMAIL","client_email: process.env.GCP_CLIENT_EMAIL,"
"app\api\product-os\demand-trends\route.ts","7","process.env.GCP_CLIENT_EMAIL","client_email: process.env.GCP_CLIENT_EMAIL,"
"app\api\product-os\forecasting\route.ts","7","process.env.GCP_CLIENT_EMAIL","client_email: process.env.GCP_CLIENT_EMAIL,"
"app\api\product-os\overview\route.ts","7","process.env.GCP_CLIENT_EMAIL","client_email: process.env.GCP_CLIENT_EMAIL,"
"app\api\product-os\seasonality\route.ts","7","process.env.GCP_CLIENT_EMAIL","client_email: process.env.GCP_CLIENT_EMAIL,"
"app\api\product-os\sku-performance\route.ts","7","process.env.GCP_CLIENT_EMAIL","client_email: process.env.GCP_CLIENT_EMAIL,"
"lib\bigquery.ts","6","process.env.GCP_CLIENT_EMAIL","client_email: process.env.GCP_CLIENT_EMAIL,"
"app\api\google-os\campaign\route.ts","8","process.env.GCP_PRIVATE_KEY","private_key: process.env.GCP_PRIVATE_KEY?.replace(/\\n/g, ""\n""),"
"app\api\google-os\channel-mix\route.ts","8","process.env.GCP_PRIVATE_KEY","private_key: process.env.GCP_PRIVATE_KEY?.replace(/\\n/g, ""\n""),"
"app\api\google-os\overview\route.ts","8","process.env.GCP_PRIVATE_KEY","private_key: process.env.GCP_PRIVATE_KEY?.replace(/\\n/g, ""\n""),"
"app\api\google-os\search-terms\route.ts","8","process.env.GCP_PRIVATE_KEY","private_key: process.env.GCP_PRIVATE_KEY?.replace(/\\n/g, ""\n""),"
"app\api\product-os\demand-trends\route.ts","8","process.env.GCP_PRIVATE_KEY","private_key: process.env.GCP_PRIVATE_KEY?.replace(/\\n/g, '\n'),"
"app\api\product-os\forecasting\route.ts","8","process.env.GCP_PRIVATE_KEY","private_key: process.env.GCP_PRIVATE_KEY?.replace(/\\n/g, '\n'),"
"app\api\product-os\overview\route.ts","8","process.env.GCP_PRIVATE_KEY","private_key: process.env.GCP_PRIVATE_KEY?.replace(/\\n/g, '\n'),"
"app\api\product-os\seasonality\route.ts","8","process.env.GCP_PRIVATE_KEY","private_key: process.env.GCP_PRIVATE_KEY?.replace(/\\n/g, '\n'),"
"app\api\product-os\sku-performance\route.ts","8","process.env.GCP_PRIVATE_KEY","private_key: process.env.GCP_PRIVATE_KEY?.replace(/\\n/g, '\n'),"
"lib\bigquery.ts","7","process.env.GCP_PRIVATE_KEY","private_key: process.env.GCP_PRIVATE_KEY?.replace(/\\n/g, ""\n""),"
"app\api\google-os\campaign\route.ts","5","process.env.GCP_PROJECT_ID","projectId: process.env.GCP_PROJECT_ID,"
"app\api\google-os\channel-mix\route.ts","5","process.env.GCP_PROJECT_ID","projectId: process.env.GCP_PROJECT_ID,"
"app\api\google-os\overview\route.ts","5","process.env.GCP_PROJECT_ID","projectId: process.env.GCP_PROJECT_ID,"
"app\api\google-os\search-terms\route.ts","5","process.env.GCP_PROJECT_ID","projectId: process.env.GCP_PROJECT_ID,"
"app\api\product-os\demand-trends\route.ts","5","process.env.GCP_PROJECT_ID","projectId: process.env.GCP_PROJECT_ID,"
"app\api\product-os\forecasting\route.ts","5","process.env.GCP_PROJECT_ID","projectId: process.env.GCP_PROJECT_ID,"
"app\api\product-os\overview\route.ts","5","process.env.GCP_PROJECT_ID","projectId: process.env.GCP_PROJECT_ID,"
"app\api\product-os\seasonality\route.ts","5","process.env.GCP_PROJECT_ID","projectId: process.env.GCP_PROJECT_ID,"
"app\api\product-os\sku-performance\route.ts","5","process.env.GCP_PROJECT_ID","projectId: process.env.GCP_PROJECT_ID,"
"lib\bigquery.ts","4","process.env.GCP_PROJECT_ID","projectId: process.env.GCP_PROJECT_ID,"
"package-lock.json","540","projectify-4.0.0","""resolved"": ""https://registry.npmjs.org/@google-cloud/projectify/-/projectify-4.0.0.tgz"","
"package-lock.json","1947","project-service-8.59.1","""resolved"": ""https://registry.npmjs.org/@typescript-eslint/project-service/-/project-service-8.59.1.tgz"","
"package-lock.json","501","promisify-4.1.0","""resolved"": ""https://registry.npmjs.org/@google-cloud/promisify/-/promisify-4.1.0.tgz"","
"package-lock.json","549","promisify-5.0.0","""resolved"": ""https://registry.npmjs.org/@google-cloud/promisify/-/promisify-5.0.0.tgz"","
"package-lock.json","6206","prop-types-15.8.1","""resolved"": ""https://registry.npmjs.org/prop-types/-/prop-types-15.8.1.tgz"","
"package-lock.json","5135","prototype-1.1.5","""resolved"": ""https://registry.npmjs.org/iterator.prototype/-/iterator.prototype-1.1.5.tgz"","
"package-lock.json","6218","punycode-2.3.1","""resolved"": ""https://registry.npmjs.org/punycode/-/punycode-2.3.1.tgz"","
"package-lock.json","6228","queue-microtask-1.2.3","""resolved"": ""https://registry.npmjs.org/queue-microtask/-/queue-microtask-1.2.3.tgz"","
"package-lock.json","30","quick-lru-5.2.0","""resolved"": ""https://registry.npmjs.org/@alloc/quick-lru/-/quick-lru-5.2.0.tgz"","
"app\api\google-os\search-terms\route.ts","124","r.latest.notes","r.latest.notes,"
"app\api\google-os\search-terms\route.ts","121","r.latest.review_action","r.latest.review_action AS review_action,"
"app\api\google-os\search-terms\route.ts","120","r.latest.review_status","COALESCE(r.latest.review_status, 'unchecked') AS review_status,"
"app\api\google-os\search-terms\route.ts","122","r.latest.reviewed_at","r.latest.reviewed_at,"
"app\api\google-os\search-terms\route.ts","127","r.latest.reviewed_at","WHEN r.latest.reviewed_at IS NULL THEN 'UNREVIEWED'"
"app\api\google-os\search-terms\route.ts","128","r.latest.reviewed_at","WHEN l.first_seen_date > DATE(r.latest.reviewed_at) THEN 'NEW_SINCE_LAST_REVIEW'"
"app\api\google-os\search-terms\route.ts","129","r.latest.reviewed_at","WHEN l.last_seen_date > DATE(r.latest.reviewed_at) THEN 'EXISTING_WITH_NEW_ACTIVITY'"
"app\api\google-os\search-terms\route.ts","123","r.latest.reviewed_by","r.latest.reviewed_by,"
"package-lock.json","1857","react-19.2.14","""resolved"": ""https://registry.npmjs.org/@types/react/-/react-19.2.14.tgz"","
"package-lock.json","6249","react-19.2.4","""resolved"": ""https://registry.npmjs.org/react/-/react-19.2.4.tgz"","
"package-lock.json","1867","react-dom-19.2.3","""resolved"": ""https://registry.npmjs.org/@types/react-dom/-/react-dom-19.2.3.tgz"","
"package-lock.json","6258","react-dom-19.2.4","""resolved"": ""https://registry.npmjs.org/react-dom/-/react-dom-19.2.4.tgz"","
"package-lock.json","6270","react-is-16.13.1","""resolved"": ""https://registry.npmjs.org/react-is/-/react-is-16.13.1.tgz"","
"package-lock.json","6276","react-redux-9.2.0","""resolved"": ""https://registry.npmjs.org/react-redux/-/react-redux-9.2.0.tgz"","
"package-lock.json","6299","readable-stream-3.6.2","""resolved"": ""https://registry.npmjs.org/readable-stream/-/readable-stream-3.6.2.tgz"","
"package-lock.json","6313","recharts-3.8.1","""resolved"": ""https://registry.npmjs.org/recharts/-/recharts-3.8.1.tgz"","
"package-lock.json","6343","redux-5.0.1","""resolved"": ""https://registry.npmjs.org/redux/-/redux-5.0.1.tgz"","
"package-lock.json","6349","redux-thunk-3.1.0","""resolved"": ""https://registry.npmjs.org/redux-thunk/-/redux-thunk-3.1.0.tgz"","
"package-lock.json","3468","regexp.prototype.flags","""regexp.prototype.flags"": ""^1.5.4"","
"package-lock.json","6379","regexp.prototype.flags","""node_modules/regexp.prototype.flags"": {"
"package-lock.json","6381","regexp.prototype.flags","""resolved"": ""https://registry.npmjs.org/regexp.prototype.flags/-/regexp.prototype.flags-1.5.4.tgz"","
"package-lock.json","6881","regexp.prototype.flags","""regexp.prototype.flags"": ""^1.5.3"","
"package-lock.json","348","regexpp-4.12.2","""resolved"": ""https://registry.npmjs.org/@eslint-community/regexpp/-/regexpp-4.12.2.tgz"","
"package-lock.json","30","registry.npmjs.org","""resolved"": ""https://registry.npmjs.org/@alloc/quick-lru/-/quick-lru-5.2.0.tgz"","
"package-lock.json","43","registry.npmjs.org","""resolved"": ""https://registry.npmjs.org/@babel/code-frame/-/code-frame-7.29.0.tgz"","
"package-lock.json","58","registry.npmjs.org","""resolved"": ""https://registry.npmjs.org/@babel/compat-data/-/compat-data-7.29.0.tgz"","
"package-lock.json","68","registry.npmjs.org","""resolved"": ""https://registry.npmjs.org/@babel/core/-/core-7.29.0.tgz"","
"package-lock.json","99","registry.npmjs.org","""resolved"": ""https://registry.npmjs.org/@babel/generator/-/generator-7.29.1.tgz"","
"package-lock.json","116","registry.npmjs.org","""resolved"": ""https://registry.npmjs.org/@babel/helper-compilation-targets/-/helper-compilation-targets-7.28.6.tgz"","
"package-lock.json","133","registry.npmjs.org","""resolved"": ""https://registry.npmjs.org/@babel/helper-globals/-/helper-globals-7.28.0.tgz"","
"package-lock.json","143","registry.npmjs.org","""resolved"": ""https://registry.npmjs.org/@babel/helper-module-imports/-/helper-module-imports-7.28.6.tgz"","
"package-lock.json","157","registry.npmjs.org","""resolved"": ""https://registry.npmjs.org/@babel/helper-module-transforms/-/helper-module-transforms-7.28.6.tgz"","
"package-lock.json","175","registry.npmjs.org","""resolved"": ""https://registry.npmjs.org/@babel/helper-string-parser/-/helper-string-parser-7.27.1.tgz"","
"package-lock.json","185","registry.npmjs.org","""resolved"": ""https://registry.npmjs.org/@babel/helper-validator-identifier/-/helper-validator-identifier-7.28.5.tgz"","
"package-lock.json","195","registry.npmjs.org","""resolved"": ""https://registry.npmjs.org/@babel/helper-validator-option/-/helper-validator-option-7.27.1.tgz"","
"package-lock.json","205","registry.npmjs.org","""resolved"": ""https://registry.npmjs.org/@babel/helpers/-/helpers-7.29.2.tgz"","
"package-lock.json","219","registry.npmjs.org","""resolved"": ""https://registry.npmjs.org/@babel/parser/-/parser-7.29.2.tgz"","
"package-lock.json","235","registry.npmjs.org","""resolved"": ""https://registry.npmjs.org/@babel/template/-/template-7.28.6.tgz"","
"package-lock.json","250","registry.npmjs.org","""resolved"": ""https://registry.npmjs.org/@babel/traverse/-/traverse-7.29.0.tgz"","
"package-lock.json","269","registry.npmjs.org","""resolved"": ""https://registry.npmjs.org/@babel/types/-/types-7.29.0.tgz"","
"package-lock.json","283","registry.npmjs.org","""resolved"": ""https://registry.npmjs.org/@emnapi/core/-/core-1.10.0.tgz"","
"package-lock.json","295","registry.npmjs.org","""resolved"": ""https://registry.npmjs.org/@emnapi/runtime/-/runtime-1.10.0.tgz"","
"package-lock.json","305","registry.npmjs.org","""resolved"": ""https://registry.npmjs.org/@emnapi/wasi-threads/-/wasi-threads-1.2.1.tgz"","
"package-lock.json","316","registry.npmjs.org","""resolved"": ""https://registry.npmjs.org/@eslint-community/eslint-utils/-/eslint-utils-4.9.1.tgz"","
"package-lock.json","335","registry.npmjs.org","""resolved"": ""https://registry.npmjs.org/eslint-visitor-keys/-/eslint-visitor-keys-3.4.3.tgz"","
"package-lock.json","348","registry.npmjs.org","""resolved"": ""https://registry.npmjs.org/@eslint-community/regexpp/-/regexpp-4.12.2.tgz"","
"package-lock.json","358","registry.npmjs.org","""resolved"": ""https://registry.npmjs.org/@eslint/config-array/-/config-array-0.21.2.tgz"","
"package-lock.json","373","registry.npmjs.org","""resolved"": ""https://registry.npmjs.org/@eslint/config-helpers/-/config-helpers-0.4.2.tgz"","
"package-lock.json","386","registry.npmjs.org","""resolved"": ""https://registry.npmjs.org/@eslint/core/-/core-0.17.0.tgz"","
"package-lock.json","399","registry.npmjs.org","""resolved"": ""https://registry.npmjs.org/@eslint/eslintrc/-/eslintrc-3.3.5.tgz"","
"package-lock.json","423","registry.npmjs.org","""resolved"": ""https://registry.npmjs.org/@eslint/js/-/js-9.39.4.tgz"","
"package-lock.json","436","registry.npmjs.org","""resolved"": ""https://registry.npmjs.org/@eslint/object-schema/-/object-schema-2.1.7.tgz"","
"package-lock.json","446","registry.npmjs.org","""resolved"": ""https://registry.npmjs.org/@eslint/plugin-kit/-/plugin-kit-0.4.1.tgz"","
"package-lock.json","460","registry.npmjs.org","""resolved"": ""https://registry.npmjs.org/@google-cloud/bigquery/-/bigquery-8.3.0.tgz"","
"package-lock.json","481","registry.npmjs.org","""resolved"": ""https://registry.npmjs.org/@google-cloud/common/-/common-6.0.0.tgz"","
"package-lock.json","501","registry.npmjs.org","""resolved"": ""https://registry.npmjs.org/@google-cloud/promisify/-/promisify-4.1.0.tgz"","
"package-lock.json","510","registry.npmjs.org","""resolved"": ""https://registry.npmjs.org/arrify/-/arrify-2.0.1.tgz"","
"package-lock.json","519","registry.npmjs.org","""resolved"": ""https://registry.npmjs.org/@google-cloud/paginator/-/paginator-6.0.0.tgz"","
"package-lock.json","531","registry.npmjs.org","""resolved"": ""https://registry.npmjs.org/@google-cloud/precise-date/-/precise-date-5.0.0.tgz"","
"package-lock.json","540","registry.npmjs.org","""resolved"": ""https://registry.npmjs.org/@google-cloud/projectify/-/projectify-4.0.0.tgz"","
"package-lock.json","549","registry.npmjs.org","""resolved"": ""https://registry.npmjs.org/@google-cloud/promisify/-/promisify-5.0.0.tgz"","
"package-lock.json","558","registry.npmjs.org","""resolved"": ""https://registry.npmjs.org/@humanfs/core/-/core-0.19.2.tgz"","
"package-lock.json","571","registry.npmjs.org","""resolved"": ""https://registry.npmjs.org/@humanfs/node/-/node-0.16.8.tgz"","
"package-lock.json","586","registry.npmjs.org","""resolved"": ""https://registry.npmjs.org/@humanfs/types/-/types-0.15.0.tgz"","
"package-lock.json","596","registry.npmjs.org","""resolved"": ""https://registry.npmjs.org/@humanwhocodes/module-importer/-/module-importer-1.0.1.tgz"","
"package-lock.json","610","registry.npmjs.org","""resolved"": ""https://registry.npmjs.org/@humanwhocodes/retry/-/retry-0.4.3.tgz"","
"package-lock.json","624","registry.npmjs.org","""resolved"": ""https://registry.npmjs.org/@img/colour/-/colour-1.1.0.tgz"","
"package-lock.json","634","registry.npmjs.org","""resolved"": ""https://registry.npmjs.org/@img/sharp-darwin-arm64/-/sharp-darwin-arm64-0.34.5.tgz"","
"package-lock.json","656","registry.npmjs.org","""resolved"": ""https://registry.npmjs.org/@img/sharp-darwin-x64/-/sharp-darwin-x64-0.34.5.tgz"","
"package-lock.json","678","registry.npmjs.org","""resolved"": ""https://registry.npmjs.org/@img/sharp-libvips-darwin-arm64/-/sharp-libvips-darwin-arm64-1.2.4.tgz"","
"package-lock.json","694","registry.npmjs.org","""resolved"": ""https://registry.npmjs.org/@img/sharp-libvips-darwin-x64/-/sharp-libvips-darwin-x64-1.2.4.tgz"","
"package-lock.json","710","registry.npmjs.org","""resolved"": ""https://registry.npmjs.org/@img/sharp-libvips-linux-arm/-/sharp-libvips-linux-arm-1.2.4.tgz"","
"package-lock.json","729","registry.npmjs.org","""resolved"": ""https://registry.npmjs.org/@img/sharp-libvips-linux-arm64/-/sharp-libvips-linux-arm64-1.2.4.tgz"","
"package-lock.json","748","registry.npmjs.org","""resolved"": ""https://registry.npmjs.org/@img/sharp-libvips-linux-ppc64/-/sharp-libvips-linux-ppc64-1.2.4.tgz"","
"package-lock.json","767","registry.npmjs.org","""resolved"": ""https://registry.npmjs.org/@img/sharp-libvips-linux-riscv64/-/sharp-libvips-linux-riscv64-1.2.4.tgz"","
"package-lock.json","786","registry.npmjs.org","""resolved"": ""https://registry.npmjs.org/@img/sharp-libvips-linux-s390x/-/sharp-libvips-linux-s390x-1.2.4.tgz"","
"package-lock.json","805","registry.npmjs.org","""resolved"": ""https://registry.npmjs.org/@img/sharp-libvips-linux-x64/-/sharp-libvips-linux-x64-1.2.4.tgz"","
"package-lock.json","824","registry.npmjs.org","""resolved"": ""https://registry.npmjs.org/@img/sharp-libvips-linuxmusl-arm64/-/sharp-libvips-linuxmusl-arm64-1.2.4.tgz"","
"package-lock.json","843","registry.npmjs.org","""resolved"": ""https://registry.npmjs.org/@img/sharp-libvips-linuxmusl-x64/-/sharp-libvips-linuxmusl-x64-1.2.4.tgz"","
"package-lock.json","862","registry.npmjs.org","""resolved"": ""https://registry.npmjs.org/@img/sharp-linux-arm/-/sharp-linux-arm-0.34.5.tgz"","
"package-lock.json","887","registry.npmjs.org","""resolved"": ""https://registry.npmjs.org/@img/sharp-linux-arm64/-/sharp-linux-arm64-0.34.5.tgz"","
"package-lock.json","912","registry.npmjs.org","""resolved"": ""https://registry.npmjs.org/@img/sharp-linux-ppc64/-/sharp-linux-ppc64-0.34.5.tgz"","
"package-lock.json","937","registry.npmjs.org","""resolved"": ""https://registry.npmjs.org/@img/sharp-linux-riscv64/-/sharp-linux-riscv64-0.34.5.tgz"","
"package-lock.json","962","registry.npmjs.org","""resolved"": ""https://registry.npmjs.org/@img/sharp-linux-s390x/-/sharp-linux-s390x-0.34.5.tgz"","
"package-lock.json","987","registry.npmjs.org","""resolved"": ""https://registry.npmjs.org/@img/sharp-linux-x64/-/sharp-linux-x64-0.34.5.tgz"","
"package-lock.json","1012","registry.npmjs.org","""resolved"": ""https://registry.npmjs.org/@img/sharp-linuxmusl-arm64/-/sharp-linuxmusl-arm64-0.34.5.tgz"","
"package-lock.json","1037","registry.npmjs.org","""resolved"": ""https://registry.npmjs.org/@img/sharp-linuxmusl-x64/-/sharp-linuxmusl-x64-0.34.5.tgz"","
"package-lock.json","1062","registry.npmjs.org","""resolved"": ""https://registry.npmjs.org/@img/sharp-wasm32/-/sharp-wasm32-0.34.5.tgz"","
"package-lock.json","1081","registry.npmjs.org","""resolved"": ""https://registry.npmjs.org/@img/sharp-win32-arm64/-/sharp-win32-arm64-0.34.5.tgz"","
"package-lock.json","1100","registry.npmjs.org","""resolved"": ""https://registry.npmjs.org/@img/sharp-win32-ia32/-/sharp-win32-ia32-0.34.5.tgz"","
"package-lock.json","1119","registry.npmjs.org","""resolved"": ""https://registry.npmjs.org/@img/sharp-win32-x64/-/sharp-win32-x64-0.34.5.tgz"","
"package-lock.json","1138","registry.npmjs.org","""resolved"": ""https://registry.npmjs.org/@jridgewell/gen-mapping/-/gen-mapping-0.3.13.tgz"","
"package-lock.json","1149","registry.npmjs.org","""resolved"": ""https://registry.npmjs.org/@jridgewell/remapping/-/remapping-2.3.5.tgz"","
"package-lock.json","1160","registry.npmjs.org","""resolved"": ""https://registry.npmjs.org/@jridgewell/resolve-uri/-/resolve-uri-3.1.2.tgz"","
"package-lock.json","1170","registry.npmjs.org","""resolved"": ""https://registry.npmjs.org/@jridgewell/sourcemap-codec/-/sourcemap-codec-1.5.5.tgz"","
"package-lock.json","1177","registry.npmjs.org","""resolved"": ""https://registry.npmjs.org/@jridgewell/trace-mapping/-/trace-mapping-0.3.31.tgz"","
"package-lock.json","1188","registry.npmjs.org","""resolved"": ""https://registry.npmjs.org/@napi-rs/wasm-runtime/-/wasm-runtime-0.2.12.tgz"","
"package-lock.json","1201","registry.npmjs.org","""resolved"": ""https://registry.npmjs.org/@next/env/-/env-16.2.4.tgz"","
"package-lock.json","1207","registry.npmjs.org","""resolved"": ""https://registry.npmjs.org/@next/eslint-plugin-next/-/eslint-plugin-next-16.2.4.tgz"","
"package-lock.json","1217","registry.npmjs.org","""resolved"": ""https://registry.npmjs.org/@next/swc-darwin-arm64/-/swc-darwin-arm64-16.2.4.tgz"","
"package-lock.json","1233","registry.npmjs.org","""resolved"": ""https://registry.npmjs.org/@next/swc-darwin-x64/-/swc-darwin-x64-16.2.4.tgz"","
"package-lock.json","1249","registry.npmjs.org","""resolved"": ""https://registry.npmjs.org/@next/swc-linux-arm64-gnu/-/swc-linux-arm64-gnu-16.2.4.tgz"","
"package-lock.json","1268","registry.npmjs.org","""resolved"": ""https://registry.npmjs.org/@next/swc-linux-arm64-musl/-/swc-linux-arm64-musl-16.2.4.tgz"","
"package-lock.json","1287","registry.npmjs.org","""resolved"": ""https://registry.npmjs.org/@next/swc-linux-x64-gnu/-/swc-linux-x64-gnu-16.2.4.tgz"","
"package-lock.json","1306","registry.npmjs.org","""resolved"": ""https://registry.npmjs.org/@next/swc-linux-x64-musl/-/swc-linux-x64-musl-16.2.4.tgz"","
"package-lock.json","1325","registry.npmjs.org","""resolved"": ""https://registry.npmjs.org/@next/swc-win32-arm64-msvc/-/swc-win32-arm64-msvc-16.2.4.tgz"","
"package-lock.json","1341","registry.npmjs.org","""resolved"": ""https://registry.npmjs.org/@next/swc-win32-x64-msvc/-/swc-win32-x64-msvc-16.2.4.tgz"","
"package-lock.json","1357","registry.npmjs.org","""resolved"": ""https://registry.npmjs.org/@nodelib/fs.scandir/-/fs.scandir-2.1.5.tgz"","
"package-lock.json","1371","registry.npmjs.org","""resolved"": ""https://registry.npmjs.org/@nodelib/fs.stat/-/fs.stat-2.0.5.tgz"","
"package-lock.json","1381","registry.npmjs.org","""resolved"": ""https://registry.npmjs.org/@nodelib/fs.walk/-/fs.walk-1.2.8.tgz"","
"package-lock.json","1395","registry.npmjs.org","""resolved"": ""https://registry.npmjs.org/@nolyfill/is-core-module/-/is-core-module-1.0.39.tgz"","
"package-lock.json","1405","registry.npmjs.org","""resolved"": ""https://registry.npmjs.org/@reduxjs/toolkit/-/toolkit-2.11.2.tgz"","
"package-lock.json","1431","registry.npmjs.org","""resolved"": ""https://registry.npmjs.org/immer/-/immer-11.1.4.tgz"","
"package-lock.json","1441","registry.npmjs.org","""resolved"": ""https://registry.npmjs.org/@rtsao/scc/-/scc-1.1.0.tgz"","
"package-lock.json","1448","registry.npmjs.org","""resolved"": ""https://registry.npmjs.org/@standard-schema/spec/-/spec-1.1.0.tgz"","
"package-lock.json","1454","registry.npmjs.org","""resolved"": ""https://registry.npmjs.org/@standard-schema/utils/-/utils-0.3.0.tgz"","
"package-lock.json","1460","registry.npmjs.org","""resolved"": ""https://registry.npmjs.org/@swc/helpers/-/helpers-0.5.15.tgz"","
"package-lock.json","1469","registry.npmjs.org","""resolved"": ""https://registry.npmjs.org/@tailwindcss/node/-/node-4.2.4.tgz"","
"package-lock.json","1485","registry.npmjs.org","""resolved"": ""https://registry.npmjs.org/@tailwindcss/oxide/-/oxide-4.2.4.tgz"","
"package-lock.json","1509","registry.npmjs.org","""resolved"": ""https://registry.npmjs.org/@tailwindcss/oxide-android-arm64/-/oxide-android-arm64-4.2.4.tgz"","
"package-lock.json","1526","registry.npmjs.org","""resolved"": ""https://registry.npmjs.org/@tailwindcss/oxide-darwin-arm64/-/oxide-darwin-arm64-4.2.4.tgz"","
"package-lock.json","1543","registry.npmjs.org","""resolved"": ""https://registry.npmjs.org/@tailwindcss/oxide-darwin-x64/-/oxide-darwin-x64-4.2.4.tgz"","
"package-lock.json","1560","registry.npmjs.org","""resolved"": ""https://registry.npmjs.org/@tailwindcss/oxide-freebsd-x64/-/oxide-freebsd-x64-4.2.4.tgz"","
"package-lock.json","1577","registry.npmjs.org","""resolved"": ""https://registry.npmjs.org/@tailwindcss/oxide-linux-arm-gnueabihf/-/oxide-linux-arm-gnueabihf-4.2.4.tgz"","
"package-lock.json","1594","registry.npmjs.org","""resolved"": ""https://registry.npmjs.org/@tailwindcss/oxide-linux-arm64-gnu/-/oxide-linux-arm64-gnu-4.2.4.tgz"","
"package-lock.json","1614","registry.npmjs.org","""resolved"": ""https://registry.npmjs.org/@tailwindcss/oxide-linux-arm64-musl/-/oxide-linux-arm64-musl-4.2.4.tgz"","
"package-lock.json","1634","registry.npmjs.org","""resolved"": ""https://registry.npmjs.org/@tailwindcss/oxide-linux-x64-gnu/-/oxide-linux-x64-gnu-4.2.4.tgz"","
"package-lock.json","1654","registry.npmjs.org","""resolved"": ""https://registry.npmjs.org/@tailwindcss/oxide-linux-x64-musl/-/oxide-linux-x64-musl-4.2.4.tgz"","
"package-lock.json","1674","registry.npmjs.org","""resolved"": ""https://registry.npmjs.org/@tailwindcss/oxide-wasm32-wasi/-/oxide-wasm32-wasi-4.2.4.tgz"","
"package-lock.json","1704","registry.npmjs.org","""resolved"": ""https://registry.npmjs.org/@tailwindcss/oxide-win32-arm64-msvc/-/oxide-win32-arm64-msvc-4.2.4.tgz"","
"package-lock.json","1721","registry.npmjs.org","""resolved"": ""https://registry.npmjs.org/@tailwindcss/oxide-win32-x64-msvc/-/oxide-win32-x64-msvc-4.2.4.tgz"","
"package-lock.json","1738","registry.npmjs.org","""resolved"": ""https://registry.npmjs.org/@tailwindcss/postcss/-/postcss-4.2.4.tgz"","
"package-lock.json","1752","registry.npmjs.org","""resolved"": ""https://registry.npmjs.org/@tybys/wasm-util/-/wasm-util-0.10.1.tgz"","
"package-lock.json","1763","registry.npmjs.org","""resolved"": ""https://registry.npmjs.org/@types/d3-array/-/d3-array-3.2.2.tgz"","
"package-lock.json","1769","registry.npmjs.org","""resolved"": ""https://registry.npmjs.org/@types/d3-color/-/d3-color-3.1.3.tgz"","
"package-lock.json","1775","registry.npmjs.org","""resolved"": ""https://registry.npmjs.org/@types/d3-ease/-/d3-ease-3.0.2.tgz"","
"package-lock.json","1781","registry.npmjs.org","""resolved"": ""https://registry.npmjs.org/@types/d3-interpolate/-/d3-interpolate-3.0.4.tgz"","
"package-lock.json","1790","registry.npmjs.org","""resolved"": ""https://registry.npmjs.org/@types/d3-path/-/d3-path-3.1.1.tgz"","
"package-lock.json","1796","registry.npmjs.org","""resolved"": ""https://registry.npmjs.org/@types/d3-scale/-/d3-scale-4.0.9.tgz"","
"package-lock.json","1805","registry.npmjs.org","""resolved"": ""https://registry.npmjs.org/@types/d3-shape/-/d3-shape-3.1.8.tgz"","
"package-lock.json","1814","registry.npmjs.org","""resolved"": ""https://registry.npmjs.org/@types/d3-time/-/d3-time-3.0.4.tgz"","
"package-lock.json","1820","registry.npmjs.org","""resolved"": ""https://registry.npmjs.org/@types/d3-timer/-/d3-timer-3.0.2.tgz"","
"package-lock.json","1826","registry.npmjs.org","""resolved"": ""https://registry.npmjs.org/@types/estree/-/estree-1.0.8.tgz"","
"package-lock.json","1833","registry.npmjs.org","""resolved"": ""https://registry.npmjs.org/@types/json-schema/-/json-schema-7.0.15.tgz"","
"package-lock.json","1840","registry.npmjs.org","""resolved"": ""https://registry.npmjs.org/@types/json5/-/json5-0.0.29.tgz"","
"package-lock.json","1847","registry.npmjs.org","""resolved"": ""https://registry.npmjs.org/@types/node/-/node-20.19.39.tgz"","
"package-lock.json","1857","registry.npmjs.org","""resolved"": ""https://registry.npmjs.org/@types/react/-/react-19.2.14.tgz"","
"package-lock.json","1867","registry.npmjs.org","""resolved"": ""https://registry.npmjs.org/@types/react-dom/-/react-dom-19.2.3.tgz"","
"package-lock.json","1877","registry.npmjs.org","""resolved"": ""https://registry.npmjs.org/@types/use-sync-external-store/-/use-sync-external-store-0.0.6.tgz"","
"package-lock.json","1883","registry.npmjs.org","""resolved"": ""https://registry.npmjs.org/@typescript-eslint/eslint-plugin/-/eslint-plugin-8.59.1.tgz"","
"package-lock.json","1912","registry.npmjs.org","""resolved"": ""https://registry.npmjs.org/ignore/-/ignore-7.0.5.tgz"","
"package-lock.json","1922","registry.npmjs.org","""resolved"": ""https://registry.npmjs.org/@typescript-eslint/parser/-/parser-8.59.1.tgz"","
"package-lock.json","1947","registry.npmjs.org","""resolved"": ""https://registry.npmjs.org/@typescript-eslint/project-service/-/project-service-8.59.1.tgz"","
"package-lock.json","1969","registry.npmjs.org","""resolved"": ""https://registry.npmjs.org/@typescript-eslint/scope-manager/-/scope-manager-8.59.1.tgz"","
"package-lock.json","1987","registry.npmjs.org","""resolved"": ""https://registry.npmjs.org/@typescript-eslint/tsconfig-utils/-/tsconfig-utils-8.59.1.tgz"","
"package-lock.json","2004","registry.npmjs.org","""resolved"": ""https://registry.npmjs.org/@typescript-eslint/type-utils/-/type-utils-8.59.1.tgz"","
"package-lock.json","2029","registry.npmjs.org","""resolved"": ""https://registry.npmjs.org/@typescript-eslint/types/-/types-8.59.1.tgz"","
"package-lock.json","2043","registry.npmjs.org","""resolved"": ""https://registry.npmjs.org/@typescript-eslint/typescript-estree/-/typescript-estree-8.59.1.tgz"","
"package-lock.json","2071","registry.npmjs.org","""resolved"": ""https://registry.npmjs.org/balanced-match/-/balanced-match-4.0.4.tgz"","
"package-lock.json","2081","registry.npmjs.org","""resolved"": ""https://registry.npmjs.org/brace-expansion/-/brace-expansion-5.0.5.tgz"","
"package-lock.json","2094","registry.npmjs.org","""resolved"": ""https://registry.npmjs.org/minimatch/-/minimatch-10.2.5.tgz"","
"package-lock.json","2110","registry.npmjs.org","""resolved"": ""https://registry.npmjs.org/semver/-/semver-7.7.4.tgz"","
"package-lock.json","2123","registry.npmjs.org","""resolved"": ""https://registry.npmjs.org/@typescript-eslint/utils/-/utils-8.59.1.tgz"","
"package-lock.json","2147","registry.npmjs.org","""resolved"": ""https://registry.npmjs.org/@typescript-eslint/visitor-keys/-/visitor-keys-8.59.1.tgz"","
"package-lock.json","2165","registry.npmjs.org","""resolved"": ""https://registry.npmjs.org/eslint-visitor-keys/-/eslint-visitor-keys-5.0.1.tgz"","
"package-lock.json","2178","registry.npmjs.org","""resolved"": ""https://registry.npmjs.org/@unrs/resolver-binding-android-arm-eabi/-/resolver-binding-android-arm-eabi-1.11.1.tgz"","
"package-lock.json","2192","registry.npmjs.org","""resolved"": ""https://registry.npmjs.org/@unrs/resolver-binding-android-arm64/-/resolver-binding-android-arm64-1.11.1.tgz"","
"package-lock.json","2206","registry.npmjs.org","""resolved"": ""https://registry.npmjs.org/@unrs/resolver-binding-darwin-arm64/-/resolver-binding-darwin-arm64-1.11.1.tgz"","
"package-lock.json","2220","registry.npmjs.org","""resolved"": ""https://registry.npmjs.org/@unrs/resolver-binding-darwin-x64/-/resolver-binding-darwin-x64-1.11.1.tgz"","
"package-lock.json","2234","registry.npmjs.org","""resolved"": ""https://registry.npmjs.org/@unrs/resolver-binding-freebsd-x64/-/resolver-binding-freebsd-x64-1.11.1.tgz"","
"package-lock.json","2248","registry.npmjs.org","""resolved"": ""https://registry.npmjs.org/@unrs/resolver-binding-linux-arm-gnueabihf/-/resolver-binding-linux-arm-gnueabihf-1.11.1.tgz"","
"package-lock.json","2262","registry.npmjs.org","""resolved"": ""https://registry.npmjs.org/@unrs/resolver-binding-linux-arm-musleabihf/-/resolver-binding-linux-arm-musleabihf-1.11.1.tgz"","
"package-lock.json","2276","registry.npmjs.org","""resolved"": ""https://registry.npmjs.org/@unrs/resolver-binding-linux-arm64-gnu/-/resolver-binding-linux-arm64-gnu-1.11.1.tgz"","
"package-lock.json","2293","registry.npmjs.org","""resolved"": ""https://registry.npmjs.org/@unrs/resolver-binding-linux-arm64-musl/-/resolver-binding-linux-arm64-musl-1.11.1.tgz"","
"package-lock.json","2310","registry.npmjs.org","""resolved"": ""https://registry.npmjs.org/@unrs/resolver-binding-linux-ppc64-gnu/-/resolver-binding-linux-ppc64-gnu-1.11.1.tgz"","
"package-lock.json","2327","registry.npmjs.org","""resolved"": ""https://registry.npmjs.org/@unrs/resolver-binding-linux-riscv64-gnu/-/resolver-binding-linux-riscv64-gnu-1.11.1.tgz"","
"package-lock.json","2344","registry.npmjs.org","""resolved"": ""https://registry.npmjs.org/@unrs/resolver-binding-linux-riscv64-musl/-/resolver-binding-linux-riscv64-musl-1.11.1.tgz"","
"package-lock.json","2361","registry.npmjs.org","""resolved"": ""https://registry.npmjs.org/@unrs/resolver-binding-linux-s390x-gnu/-/resolver-binding-linux-s390x-gnu-1.11.1.tgz"","
"package-lock.json","2378","registry.npmjs.org","""resolved"": ""https://registry.npmjs.org/@unrs/resolver-binding-linux-x64-gnu/-/resolver-binding-linux-x64-gnu-1.11.1.tgz"","
"package-lock.json","2395","registry.npmjs.org","""resolved"": ""https://registry.npmjs.org/@unrs/resolver-binding-linux-x64-musl/-/resolver-binding-linux-x64-musl-1.11.1.tgz"","
"package-lock.json","2412","registry.npmjs.org","""resolved"": ""https://registry.npmjs.org/@unrs/resolver-binding-wasm32-wasi/-/resolver-binding-wasm32-wasi-1.11.1.tgz"","
"package-lock.json","2429","registry.npmjs.org","""resolved"": ""https://registry.npmjs.org/@unrs/resolver-binding-win32-arm64-msvc/-/resolver-binding-win32-arm64-msvc-1.11.1.tgz"","
"package-lock.json","2443","registry.npmjs.org","""resolved"": ""https://registry.npmjs.org/@unrs/resolver-binding-win32-ia32-msvc/-/resolver-binding-win32-ia32-msvc-1.11.1.tgz"","
"package-lock.json","2457","registry.npmjs.org","""resolved"": ""https://registry.npmjs.org/@unrs/resolver-binding-win32-x64-msvc/-/resolver-binding-win32-x64-msvc-1.11.1.tgz"","
"package-lock.json","2471","registry.npmjs.org","""resolved"": ""https://registry.npmjs.org/acorn/-/acorn-8.16.0.tgz"","
"package-lock.json","2484","registry.npmjs.org","""resolved"": ""https://registry.npmjs.org/acorn-jsx/-/acorn-jsx-5.3.2.tgz"","
"package-lock.json","2494","registry.npmjs.org","""resolved"": ""https://registry.npmjs.org/agent-base/-/agent-base-7.1.4.tgz"","
"package-lock.json","2503","registry.npmjs.org","""resolved"": ""https://registry.npmjs.org/ajv/-/ajv-6.15.0.tgz"","
"package-lock.json","2520","registry.npmjs.org","""resolved"": ""https://registry.npmjs.org/ansi-styles/-/ansi-styles-4.3.0.tgz"","
"package-lock.json","2536","registry.npmjs.org","""resolved"": ""https://registry.npmjs.org/argparse/-/argparse-2.0.1.tgz"","
"package-lock.json","2543","registry.npmjs.org","""resolved"": ""https://registry.npmjs.org/aria-query/-/aria-query-5.3.2.tgz"","
"package-lock.json","2553","registry.npmjs.org","""resolved"": ""https://registry.npmjs.org/array-buffer-byte-length/-/array-buffer-byte-length-1.0.2.tgz"","
"package-lock.json","2570","registry.npmjs.org","""resolved"": ""https://registry.npmjs.org/array-includes/-/array-includes-3.1.9.tgz"","
"package-lock.json","2593","registry.npmjs.org","""resolved"": ""https://registry.npmjs.org/array.prototype.findlast/-/array.prototype.findlast-1.2.5.tgz"","
"package-lock.json","2614","registry.npmjs.org","""resolved"": ""https://registry.npmjs.org/array.prototype.findlastindex/-/array.prototype.findlastindex-1.2.6.tgz"","
"package-lock.json","2636","registry.npmjs.org","""resolved"": ""https://registry.npmjs.org/array.prototype.flat/-/array.prototype.flat-1.3.3.tgz"","
"package-lock.json","2655","registry.npmjs.org","""resolved"": ""https://registry.npmjs.org/array.prototype.flatmap/-/array.prototype.flatmap-1.3.3.tgz"","
"package-lock.json","2674","registry.npmjs.org","""resolved"": ""https://registry.npmjs.org/array.prototype.tosorted/-/array.prototype.tosorted-1.1.4.tgz"","
"package-lock.json","2691","registry.npmjs.org","""resolved"": ""https://registry.npmjs.org/arraybuffer.prototype.slice/-/arraybuffer.prototype.slice-1.0.4.tgz"","
"package-lock.json","2713","registry.npmjs.org","""resolved"": ""https://registry.npmjs.org/arrify/-/arrify-3.0.0.tgz"","
"package-lock.json","2725","registry.npmjs.org","""resolved"": ""https://registry.npmjs.org/ast-types-flow/-/ast-types-flow-0.0.8.tgz"","
"package-lock.json","2732","registry.npmjs.org","""resolved"": ""https://registry.npmjs.org/async-function/-/async-function-1.0.0.tgz"","
"package-lock.json","2742","registry.npmjs.org","""resolved"": ""https://registry.npmjs.org/available-typed-arrays/-/available-typed-arrays-1.0.7.tgz"","
"package-lock.json","2758","registry.npmjs.org","""resolved"": ""https://registry.npmjs.org/axe-core/-/axe-core-4.11.3.tgz"","
"package-lock.json","2768","registry.npmjs.org","""resolved"": ""https://registry.npmjs.org/axobject-query/-/axobject-query-4.1.0.tgz"","
"package-lock.json","2778","registry.npmjs.org","""resolved"": ""https://registry.npmjs.org/balanced-match/-/balanced-match-1.0.2.tgz"","
"package-lock.json","2785","registry.npmjs.org","""resolved"": ""https://registry.npmjs.org/base64-js/-/base64-js-1.5.1.tgz"","
"package-lock.json","2805","registry.npmjs.org","""resolved"": ""https://registry.npmjs.org/baseline-browser-mapping/-/baseline-browser-mapping-2.10.24.tgz"","
"package-lock.json","2817","registry.npmjs.org","""resolved"": ""https://registry.npmjs.org/big.js/-/big.js-7.0.1.tgz"","
"package-lock.json","2830","registry.npmjs.org","""resolved"": ""https://registry.npmjs.org/bignumber.js/-/bignumber.js-9.3.1.tgz"","
"package-lock.json","2839","registry.npmjs.org","""resolved"": ""https://registry.npmjs.org/brace-expansion/-/brace-expansion-1.1.14.tgz"","
"package-lock.json","2850","registry.npmjs.org","""resolved"": ""https://registry.npmjs.org/braces/-/braces-3.0.3.tgz"","
"package-lock.json","2863","registry.npmjs.org","""resolved"": ""https://registry.npmjs.org/browserslist/-/browserslist-4.28.2.tgz"","
"package-lock.json","2897","registry.npmjs.org","""resolved"": ""https://registry.npmjs.org/buffer-equal-constant-time/-/buffer-equal-constant-time-1.0.1.tgz"","
"package-lock.json","2903","registry.npmjs.org","""resolved"": ""https://registry.npmjs.org/call-bind/-/call-bind-1.0.9.tgz"","
"package-lock.json","2922","registry.npmjs.org","""resolved"": ""https://registry.npmjs.org/call-bind-apply-helpers/-/call-bind-apply-helpers-1.0.2.tgz"","
"package-lock.json","2936","registry.npmjs.org","""resolved"": ""https://registry.npmjs.org/call-bound/-/call-bound-1.0.4.tgz"","
"package-lock.json","2953","registry.npmjs.org","""resolved"": ""https://registry.npmjs.org/callsites/-/callsites-3.1.0.tgz"","
"package-lock.json","2963","registry.npmjs.org","""resolved"": ""https://registry.npmjs.org/caniuse-lite/-/caniuse-lite-1.0.30001791.tgz"","
"package-lock.json","2983","registry.npmjs.org","""resolved"": ""https://registry.npmjs.org/chalk/-/chalk-4.1.2.tgz"","
"package-lock.json","3000","registry.npmjs.org","""resolved"": ""https://registry.npmjs.org/client-only/-/client-only-0.0.1.tgz"","
"package-lock.json","3006","registry.npmjs.org","""resolved"": ""https://registry.npmjs.org/clsx/-/clsx-2.1.1.tgz"","
"package-lock.json","3015","registry.npmjs.org","""resolved"": ""https://registry.npmjs.org/color-convert/-/color-convert-2.0.1.tgz"","
"package-lock.json","3028","registry.npmjs.org","""resolved"": ""https://registry.npmjs.org/color-name/-/color-name-1.1.4.tgz"","
"package-lock.json","3035","registry.npmjs.org","""resolved"": ""https://registry.npmjs.org/concat-map/-/concat-map-0.0.1.tgz"","
"package-lock.json","3042","registry.npmjs.org","""resolved"": ""https://registry.npmjs.org/convert-source-map/-/convert-source-map-2.0.0.tgz"","
"package-lock.json","3049","registry.npmjs.org","""resolved"": ""https://registry.npmjs.org/cross-spawn/-/cross-spawn-7.0.6.tgz"","
"package-lock.json","3064","registry.npmjs.org","""resolved"": ""https://registry.npmjs.org/csstype/-/csstype-3.2.3.tgz"","
"package-lock.json","3071","registry.npmjs.org","""resolved"": ""https://registry.npmjs.org/d3-array/-/d3-array-3.2.4.tgz"","
"package-lock.json","3083","registry.npmjs.org","""resolved"": ""https://registry.npmjs.org/d3-color/-/d3-color-3.1.0.tgz"","
"package-lock.json","3092","registry.npmjs.org","""resolved"": ""https://registry.npmjs.org/d3-ease/-/d3-ease-3.0.1.tgz"","
"package-lock.json","3101","registry.npmjs.org","""resolved"": ""https://registry.npmjs.org/d3-format/-/d3-format-3.1.2.tgz"","
"package-lock.json","3110","registry.npmjs.org","""resolved"": ""https://registry.npmjs.org/d3-interpolate/-/d3-interpolate-3.0.1.tgz"","
"package-lock.json","3122","registry.npmjs.org","""resolved"": ""https://registry.npmjs.org/d3-path/-/d3-path-3.1.0.tgz"","
"package-lock.json","3131","registry.npmjs.org","""resolved"": ""https://registry.npmjs.org/d3-scale/-/d3-scale-4.0.2.tgz"","
"package-lock.json","3147","registry.npmjs.org","""resolved"": ""https://registry.npmjs.org/d3-shape/-/d3-shape-3.2.0.tgz"","
"package-lock.json","3159","registry.npmjs.org","""resolved"": ""https://registry.npmjs.org/d3-time/-/d3-time-3.1.0.tgz"","
"package-lock.json","3171","registry.npmjs.org","""resolved"": ""https://registry.npmjs.org/d3-time-format/-/d3-time-format-4.1.0.tgz"","
"package-lock.json","3183","registry.npmjs.org","""resolved"": ""https://registry.npmjs.org/d3-timer/-/d3-timer-3.0.1.tgz"","
"package-lock.json","3192","registry.npmjs.org","""resolved"": ""https://registry.npmjs.org/damerau-levenshtein/-/damerau-levenshtein-1.0.8.tgz"","
"package-lock.json","3199","registry.npmjs.org","""resolved"": ""https://registry.npmjs.org/data-uri-to-buffer/-/data-uri-to-buffer-4.0.1.tgz"","
"package-lock.json","3208","registry.npmjs.org","""resolved"": ""https://registry.npmjs.org/data-view-buffer/-/data-view-buffer-1.0.2.tgz"","
"package-lock.json","3226","registry.npmjs.org","""resolved"": ""https://registry.npmjs.org/data-view-byte-length/-/data-view-byte-length-1.0.2.tgz"","
"package-lock.json","3244","registry.npmjs.org","""resolved"": ""https://registry.npmjs.org/data-view-byte-offset/-/data-view-byte-offset-1.0.1.tgz"","
"package-lock.json","3262","registry.npmjs.org","""resolved"": ""https://registry.npmjs.org/debug/-/debug-4.4.3.tgz"","
"package-lock.json","3279","registry.npmjs.org","""resolved"": ""https://registry.npmjs.org/decimal.js-light/-/decimal.js-light-2.5.1.tgz"","
"package-lock.json","3285","registry.npmjs.org","""resolved"": ""https://registry.npmjs.org/deep-is/-/deep-is-0.1.4.tgz"","
"package-lock.json","3292","registry.npmjs.org","""resolved"": ""https://registry.npmjs.org/define-data-property/-/define-data-property-1.1.4.tgz"","
"package-lock.json","3310","registry.npmjs.org","""resolved"": ""https://registry.npmjs.org/define-properties/-/define-properties-1.2.1.tgz"","
"package-lock.json","3328","registry.npmjs.org","""resolved"": ""https://registry.npmjs.org/detect-libc/-/detect-libc-2.1.2.tgz"","
"package-lock.json","3338","registry.npmjs.org","""resolved"": ""https://registry.npmjs.org/doctrine/-/doctrine-2.1.0.tgz"","
"package-lock.json","3351","registry.npmjs.org","""resolved"": ""https://registry.npmjs.org/dunder-proto/-/dunder-proto-1.0.1.tgz"","
"package-lock.json","3366","registry.npmjs.org","""resolved"": ""https://registry.npmjs.org/duplexify/-/duplexify-4.1.3.tgz"","
"package-lock.json","3378","registry.npmjs.org","""resolved"": ""https://registry.npmjs.org/ecdsa-sig-formatter/-/ecdsa-sig-formatter-1.0.11.tgz"","
"package-lock.json","3387","registry.npmjs.org","""resolved"": ""https://registry.npmjs.org/electron-to-chromium/-/electron-to-chromium-1.5.344.tgz"","
"package-lock.json","3394","registry.npmjs.org","""resolved"": ""https://registry.npmjs.org/emoji-regex/-/emoji-regex-9.2.2.tgz"","
"package-lock.json","3401","registry.npmjs.org","""resolved"": ""https://registry.npmjs.org/end-of-stream/-/end-of-stream-1.4.5.tgz"","
"package-lock.json","3410","registry.npmjs.org","""resolved"": ""https://registry.npmjs.org/enhanced-resolve/-/enhanced-resolve-5.21.0.tgz"","
"package-lock.json","3424","registry.npmjs.org","""resolved"": ""https://registry.npmjs.org/es-abstract/-/es-abstract-1.24.2.tgz"","
"package-lock.json","3493","registry.npmjs.org","""resolved"": ""https://registry.npmjs.org/es-define-property/-/es-define-property-1.0.1.tgz"","
"package-lock.json","3503","registry.npmjs.org","""resolved"": ""https://registry.npmjs.org/es-errors/-/es-errors-1.3.0.tgz"","
"package-lock.json","3513","registry.npmjs.org","""resolved"": ""https://registry.npmjs.org/es-iterator-helpers/-/es-iterator-helpers-1.3.2.tgz"","
"package-lock.json","3541","registry.npmjs.org","""resolved"": ""https://registry.npmjs.org/es-object-atoms/-/es-object-atoms-1.1.1.tgz"","
"package-lock.json","3554","registry.npmjs.org","""resolved"": ""https://registry.npmjs.org/es-set-tostringtag/-/es-set-tostringtag-2.1.0.tgz"","
"package-lock.json","3570","registry.npmjs.org","""resolved"": ""https://registry.npmjs.org/es-shim-unscopables/-/es-shim-unscopables-1.1.0.tgz"","
"package-lock.json","3583","registry.npmjs.org","""resolved"": ""https://registry.npmjs.org/es-to-primitive/-/es-to-primitive-1.3.0.tgz"","
"package-lock.json","3601","registry.npmjs.org","""resolved"": ""https://registry.npmjs.org/es-toolkit/-/es-toolkit-1.46.1.tgz"","
"package-lock.json","3611","registry.npmjs.org","""resolved"": ""https://registry.npmjs.org/escalade/-/escalade-3.2.0.tgz"","
"package-lock.json","3621","registry.npmjs.org","""resolved"": ""https://registry.npmjs.org/escape-string-regexp/-/escape-string-regexp-4.0.0.tgz"","
"package-lock.json","3634","registry.npmjs.org","""resolved"": ""https://registry.npmjs.org/eslint/-/eslint-9.39.4.tgz"","
"package-lock.json","3694","registry.npmjs.org","""resolved"": ""https://registry.npmjs.org/eslint-config-next/-/eslint-config-next-16.2.4.tgz"","
"package-lock.json","3721","registry.npmjs.org","""resolved"": ""https://registry.npmjs.org/globals/-/globals-16.4.0.tgz"","
"package-lock.json","3734","registry.npmjs.org","""resolved"": ""https://registry.npmjs.org/eslint-import-resolver-node/-/eslint-import-resolver-node-0.3.10.tgz"","
"package-lock.json","3746","registry.npmjs.org","""resolved"": ""https://registry.npmjs.org/debug/-/debug-3.2.7.tgz"","
"package-lock.json","3756","registry.npmjs.org","""resolved"": ""https://registry.npmjs.org/eslint-import-resolver-typescript/-/eslint-import-resolver-typescript-3.10.1.tgz"","
"package-lock.json","3791","registry.npmjs.org","""resolved"": ""https://registry.npmjs.org/eslint-module-utils/-/eslint-module-utils-2.12.1.tgz"","
"package-lock.json","3809","registry.npmjs.org","""resolved"": ""https://registry.npmjs.org/debug/-/debug-3.2.7.tgz"","
"package-lock.json","3819","registry.npmjs.org","""resolved"": ""https://registry.npmjs.org/eslint-plugin-import/-/eslint-plugin-import-2.32.0.tgz"","
"package-lock.json","3853","registry.npmjs.org","""resolved"": ""https://registry.npmjs.org/debug/-/debug-3.2.7.tgz"","
"package-lock.json","3863","registry.npmjs.org","""resolved"": ""https://registry.npmjs.org/eslint-plugin-jsx-a11y/-/eslint-plugin-jsx-a11y-6.10.2.tgz"","
"package-lock.json","3893","registry.npmjs.org","""resolved"": ""https://registry.npmjs.org/eslint-plugin-react/-/eslint-plugin-react-7.37.5.tgz"","
"package-lock.json","3926","registry.npmjs.org","""resolved"": ""https://registry.npmjs.org/eslint-plugin-react-hooks/-/eslint-plugin-react-hooks-7.1.1.tgz"","
"package-lock.json","3946","registry.npmjs.org","""resolved"": ""https://registry.npmjs.org/eslint-scope/-/eslint-scope-8.4.0.tgz"","
"package-lock.json","3963","registry.npmjs.org","""resolved"": ""https://registry.npmjs.org/eslint-visitor-keys/-/eslint-visitor-keys-4.2.1.tgz"","
"package-lock.json","3976","registry.npmjs.org","""resolved"": ""https://registry.npmjs.org/espree/-/espree-10.4.0.tgz"","
"package-lock.json","3994","registry.npmjs.org","""resolved"": ""https://registry.npmjs.org/esquery/-/esquery-1.7.0.tgz"","
"package-lock.json","4007","registry.npmjs.org","""resolved"": ""https://registry.npmjs.org/esrecurse/-/esrecurse-4.3.0.tgz"","
"package-lock.json","4020","registry.npmjs.org","""resolved"": ""https://registry.npmjs.org/estraverse/-/estraverse-5.3.0.tgz"","
"package-lock.json","4030","registry.npmjs.org","""resolved"": ""https://registry.npmjs.org/esutils/-/esutils-2.0.3.tgz"","
"package-lock.json","4040","registry.npmjs.org","""resolved"": ""https://registry.npmjs.org/eventemitter3/-/eventemitter3-5.0.4.tgz"","
"package-lock.json","4046","registry.npmjs.org","""resolved"": ""https://registry.npmjs.org/extend/-/extend-3.0.2.tgz"","
"package-lock.json","4052","registry.npmjs.org","""resolved"": ""https://registry.npmjs.org/fast-deep-equal/-/fast-deep-equal-3.1.3.tgz"","
"package-lock.json","4059","registry.npmjs.org","""resolved"": ""https://registry.npmjs.org/fast-glob/-/fast-glob-3.3.1.tgz"","
"package-lock.json","4076","registry.npmjs.org","""resolved"": ""https://registry.npmjs.org/glob-parent/-/glob-parent-5.1.2.tgz"","
"package-lock.json","4089","registry.npmjs.org","""resolved"": ""https://registry.npmjs.org/fast-json-stable-stringify/-/fast-json-stable-stringify-2.1.0.tgz"","
"package-lock.json","4096","registry.npmjs.org","""resolved"": ""https://registry.npmjs.org/fast-levenshtein/-/fast-levenshtein-2.0.6.tgz"","
"package-lock.json","4103","registry.npmjs.org","""resolved"": ""https://registry.npmjs.org/fastq/-/fastq-1.20.1.tgz"","
"package-lock.json","4113","registry.npmjs.org","""resolved"": ""https://registry.npmjs.org/fetch-blob/-/fetch-blob-3.2.0.tgz"","
"package-lock.json","4136","registry.npmjs.org","""resolved"": ""https://registry.npmjs.org/file-entry-cache/-/file-entry-cache-8.0.0.tgz"","
"package-lock.json","4149","registry.npmjs.org","""resolved"": ""https://registry.npmjs.org/fill-range/-/fill-range-7.1.1.tgz"","
"package-lock.json","4162","registry.npmjs.org","""resolved"": ""https://registry.npmjs.org/find-up/-/find-up-5.0.0.tgz"","
"package-lock.json","4179","registry.npmjs.org","""resolved"": ""https://registry.npmjs.org/flat-cache/-/flat-cache-4.0.1.tgz"","
"package-lock.json","4193","registry.npmjs.org","""resolved"": ""https://registry.npmjs.org/flatted/-/flatted-3.4.2.tgz"","
"package-lock.json","4200","registry.npmjs.org","""resolved"": ""https://registry.npmjs.org/for-each/-/for-each-0.3.5.tgz"","
"package-lock.json","4216","registry.npmjs.org","""resolved"": ""https://registry.npmjs.org/formdata-polyfill/-/formdata-polyfill-4.0.10.tgz"","
"package-lock.json","4228","registry.npmjs.org","""resolved"": ""https://registry.npmjs.org/function-bind/-/function-bind-1.1.2.tgz"","
"package-lock.json","4238","registry.npmjs.org","""resolved"": ""https://registry.npmjs.org/function.prototype.name/-/function.prototype.name-1.1.8.tgz"","
"package-lock.json","4259","registry.npmjs.org","""resolved"": ""https://registry.npmjs.org/functions-have-names/-/functions-have-names-1.2.3.tgz"","
"package-lock.json","4269","registry.npmjs.org","""resolved"": ""https://registry.npmjs.org/gaxios/-/gaxios-7.1.4.tgz"","
"package-lock.json","4283","registry.npmjs.org","""resolved"": ""https://registry.npmjs.org/gcp-metadata/-/gcp-metadata-8.1.2.tgz"","
"package-lock.json","4297","registry.npmjs.org","""resolved"": ""https://registry.npmjs.org/generator-function/-/generator-function-2.0.1.tgz"","
"package-lock.json","4307","registry.npmjs.org","""resolved"": ""https://registry.npmjs.org/gensync/-/gensync-1.0.0-beta.2.tgz"","
"package-lock.json","4317","registry.npmjs.org","""resolved"": ""https://registry.npmjs.org/get-intrinsic/-/get-intrinsic-1.3.0.tgz"","
"package-lock.json","4342","registry.npmjs.org","""resolved"": ""https://registry.npmjs.org/get-proto/-/get-proto-1.0.1.tgz"","
"package-lock.json","4356","registry.npmjs.org","""resolved"": ""https://registry.npmjs.org/get-symbol-description/-/get-symbol-description-1.1.0.tgz"","
"package-lock.json","4374","registry.npmjs.org","""resolved"": ""https://registry.npmjs.org/get-tsconfig/-/get-tsconfig-4.14.0.tgz"","
"package-lock.json","4387","registry.npmjs.org","""resolved"": ""https://registry.npmjs.org/glob-parent/-/glob-parent-6.0.2.tgz"","
"package-lock.json","4400","registry.npmjs.org","""resolved"": ""https://registry.npmjs.org/globals/-/globals-14.0.0.tgz"","
"package-lock.json","4413","registry.npmjs.org","""resolved"": ""https://registry.npmjs.org/globalthis/-/globalthis-1.0.4.tgz"","
"package-lock.json","4430","registry.npmjs.org","""resolved"": ""https://registry.npmjs.org/google-auth-library/-/google-auth-library-10.6.2.tgz"","
"package-lock.json","4447","registry.npmjs.org","""resolved"": ""https://registry.npmjs.org/google-logging-utils/-/google-logging-utils-1.1.3.tgz"","
"package-lock.json","4456","registry.npmjs.org","""resolved"": ""https://registry.npmjs.org/gopd/-/gopd-1.2.0.tgz"","
"package-lock.json","4469","registry.npmjs.org","""resolved"": ""https://registry.npmjs.org/graceful-fs/-/graceful-fs-4.2.11.tgz"","
"package-lock.json","4476","registry.npmjs.org","""resolved"": ""https://registry.npmjs.org/has-bigints/-/has-bigints-1.1.0.tgz"","
"package-lock.json","4489","registry.npmjs.org","""resolved"": ""https://registry.npmjs.org/has-flag/-/has-flag-4.0.0.tgz"","
"package-lock.json","4499","registry.npmjs.org","""resolved"": ""https://registry.npmjs.org/has-property-descriptors/-/has-property-descriptors-1.0.2.tgz"","
"package-lock.json","4512","registry.npmjs.org","""resolved"": ""https://registry.npmjs.org/has-proto/-/has-proto-1.2.0.tgz"","
"package-lock.json","4528","registry.npmjs.org","""resolved"": ""https://registry.npmjs.org/has-symbols/-/has-symbols-1.1.0.tgz"","
"package-lock.json","4541","registry.npmjs.org","""resolved"": ""https://registry.npmjs.org/has-tostringtag/-/has-tostringtag-1.0.2.tgz"","
"package-lock.json","4557","registry.npmjs.org","""resolved"": ""https://registry.npmjs.org/hasown/-/hasown-2.0.3.tgz"","
"package-lock.json","4570","registry.npmjs.org","""resolved"": ""https://registry.npmjs.org/hermes-estree/-/hermes-estree-0.25.1.tgz"","
"package-lock.json","4577","registry.npmjs.org","""resolved"": ""https://registry.npmjs.org/hermes-parser/-/hermes-parser-0.25.1.tgz"","
"package-lock.json","4587","registry.npmjs.org","""resolved"": ""https://registry.npmjs.org/html-entities/-/html-entities-2.6.0.tgz"","
"package-lock.json","4603","registry.npmjs.org","""resolved"": ""https://registry.npmjs.org/http-proxy-agent/-/http-proxy-agent-7.0.2.tgz"","
"package-lock.json","4616","registry.npmjs.org","""resolved"": ""https://registry.npmjs.org/https-proxy-agent/-/https-proxy-agent-7.0.6.tgz"","
"package-lock.json","4629","registry.npmjs.org","""resolved"": ""https://registry.npmjs.org/ignore/-/ignore-5.3.2.tgz"","
"package-lock.json","4639","registry.npmjs.org","""resolved"": ""https://registry.npmjs.org/immer/-/immer-10.2.0.tgz"","
"package-lock.json","4649","registry.npmjs.org","""resolved"": ""https://registry.npmjs.org/import-fresh/-/import-fresh-3.3.1.tgz"","
"package-lock.json","4666","registry.npmjs.org","""resolved"": ""https://registry.npmjs.org/imurmurhash/-/imurmurhash-0.1.4.tgz"","
"package-lock.json","4676","registry.npmjs.org","""resolved"": ""https://registry.npmjs.org/inherits/-/inherits-2.0.4.tgz"","
"package-lock.json","4682","registry.npmjs.org","""resolved"": ""https://registry.npmjs.org/internal-slot/-/internal-slot-1.1.0.tgz"","
"package-lock.json","4697","registry.npmjs.org","""resolved"": ""https://registry.npmjs.org/internmap/-/internmap-2.0.3.tgz"","
"package-lock.json","4706","registry.npmjs.org","""resolved"": ""https://registry.npmjs.org/is-array-buffer/-/is-array-buffer-3.0.5.tgz"","
"package-lock.json","4724","registry.npmjs.org","""resolved"": ""https://registry.npmjs.org/is-async-function/-/is-async-function-2.1.1.tgz"","
"package-lock.json","4744","registry.npmjs.org","""resolved"": ""https://registry.npmjs.org/is-bigint/-/is-bigint-1.1.0.tgz"","
"package-lock.json","4760","registry.npmjs.org","""resolved"": ""https://registry.npmjs.org/is-boolean-object/-/is-boolean-object-1.2.2.tgz"","
"package-lock.json","4777","registry.npmjs.org","""resolved"": ""https://registry.npmjs.org/is-bun-module/-/is-bun-module-2.0.0.tgz"","
"package-lock.json","4787","registry.npmjs.org","""resolved"": ""https://registry.npmjs.org/semver/-/semver-7.7.4.tgz"","
"package-lock.json","4800","registry.npmjs.org","""resolved"": ""https://registry.npmjs.org/is-callable/-/is-callable-1.2.7.tgz"","
"package-lock.json","4813","registry.npmjs.org","""resolved"": ""https://registry.npmjs.org/is-core-module/-/is-core-module-2.16.1.tgz"","
"package-lock.json","4829","registry.npmjs.org","""resolved"": ""https://registry.npmjs.org/is-data-view/-/is-data-view-1.0.2.tgz"","
"package-lock.json","4847","registry.npmjs.org","""resolved"": ""https://registry.npmjs.org/is-date-object/-/is-date-object-1.1.0.tgz"","
"package-lock.json","4864","registry.npmjs.org","""resolved"": ""https://registry.npmjs.org/is-extglob/-/is-extglob-2.1.1.tgz"","
"package-lock.json","4874","registry.npmjs.org","""resolved"": ""https://registry.npmjs.org/is-finalizationregistry/-/is-finalizationregistry-1.1.1.tgz"","
"package-lock.json","4890","registry.npmjs.org","""resolved"": ""https://registry.npmjs.org/is-generator-function/-/is-generator-function-1.1.2.tgz"","
"package-lock.json","4910","registry.npmjs.org","""resolved"": ""https://registry.npmjs.org/is-glob/-/is-glob-4.0.3.tgz"","
"package-lock.json","4923","registry.npmjs.org","""resolved"": ""https://registry.npmjs.org/is-map/-/is-map-2.0.3.tgz"","
"package-lock.json","4936","registry.npmjs.org","""resolved"": ""https://registry.npmjs.org/is-negative-zero/-/is-negative-zero-2.0.3.tgz"","
"package-lock.json","4949","registry.npmjs.org","""resolved"": ""https://registry.npmjs.org/is-number/-/is-number-7.0.0.tgz"","
"package-lock.json","4959","registry.npmjs.org","""resolved"": ""https://registry.npmjs.org/is-number-object/-/is-number-object-1.1.1.tgz"","
"package-lock.json","4976","registry.npmjs.org","""resolved"": ""https://registry.npmjs.org/is-regex/-/is-regex-1.2.1.tgz"","
"package-lock.json","4995","registry.npmjs.org","""resolved"": ""https://registry.npmjs.org/is-set/-/is-set-2.0.3.tgz"","
"package-lock.json","5008","registry.npmjs.org","""resolved"": ""https://registry.npmjs.org/is-shared-array-buffer/-/is-shared-array-buffer-1.0.4.tgz"","
"package-lock.json","5024","registry.npmjs.org","""resolved"": ""https://registry.npmjs.org/is-string/-/is-string-1.1.1.tgz"","
"package-lock.json","5041","registry.npmjs.org","""resolved"": ""https://registry.npmjs.org/is-symbol/-/is-symbol-1.1.1.tgz"","
"package-lock.json","5059","registry.npmjs.org","""resolved"": ""https://registry.npmjs.org/is-typed-array/-/is-typed-array-1.1.15.tgz"","
"package-lock.json","5075","registry.npmjs.org","""resolved"": ""https://registry.npmjs.org/is-weakmap/-/is-weakmap-2.0.2.tgz"","
"package-lock.json","5088","registry.npmjs.org","""resolved"": ""https://registry.npmjs.org/is-weakref/-/is-weakref-1.1.1.tgz"","
"package-lock.json","5104","registry.npmjs.org","""resolved"": ""https://registry.npmjs.org/is-weakset/-/is-weakset-2.0.4.tgz"","
"package-lock.json","5121","registry.npmjs.org","""resolved"": ""https://registry.npmjs.org/isarray/-/isarray-2.0.5.tgz"","
"package-lock.json","5128","registry.npmjs.org","""resolved"": ""https://registry.npmjs.org/isexe/-/isexe-2.0.0.tgz"","
"package-lock.json","5135","registry.npmjs.org","""resolved"": ""https://registry.npmjs.org/iterator.prototype/-/iterator.prototype-1.1.5.tgz"","
"package-lock.json","5153","registry.npmjs.org","""resolved"": ""https://registry.npmjs.org/jiti/-/jiti-2.6.1.tgz"","
"package-lock.json","5163","registry.npmjs.org","""resolved"": ""https://registry.npmjs.org/js-tokens/-/js-tokens-4.0.0.tgz"","
"package-lock.json","5170","registry.npmjs.org","""resolved"": ""https://registry.npmjs.org/js-yaml/-/js-yaml-4.1.1.tgz"","
"package-lock.json","5183","registry.npmjs.org","""resolved"": ""https://registry.npmjs.org/jsesc/-/jsesc-3.1.0.tgz"","
"package-lock.json","5196","registry.npmjs.org","""resolved"": ""https://registry.npmjs.org/json-bigint/-/json-bigint-1.0.0.tgz"","
"package-lock.json","5205","registry.npmjs.org","""resolved"": ""https://registry.npmjs.org/json-buffer/-/json-buffer-3.0.1.tgz"","
"package-lock.json","5212","registry.npmjs.org","""resolved"": ""https://registry.npmjs.org/json-schema-traverse/-/json-schema-traverse-0.4.1.tgz"","
"package-lock.json","5219","registry.npmjs.org","""resolved"": ""https://registry.npmjs.org/json-stable-stringify-without-jsonify/-/json-stable-stringify-without-jsonify-1.0.1.tgz"","
"package-lock.json","5226","registry.npmjs.org","""resolved"": ""https://registry.npmjs.org/json5/-/json5-2.2.3.tgz"","
"package-lock.json","5239","registry.npmjs.org","""resolved"": ""https://registry.npmjs.org/jsx-ast-utils/-/jsx-ast-utils-3.3.5.tgz"","
"package-lock.json","5255","registry.npmjs.org","""resolved"": ""https://registry.npmjs.org/jwa/-/jwa-2.0.1.tgz"","
"package-lock.json","5266","registry.npmjs.org","""resolved"": ""https://registry.npmjs.org/jws/-/jws-4.0.1.tgz"","
"package-lock.json","5276","registry.npmjs.org","""resolved"": ""https://registry.npmjs.org/keyv/-/keyv-4.5.4.tgz"","
"package-lock.json","5286","registry.npmjs.org","""resolved"": ""https://registry.npmjs.org/language-subtag-registry/-/language-subtag-registry-0.3.23.tgz"","
"package-lock.json","5293","registry.npmjs.org","""resolved"": ""https://registry.npmjs.org/language-tags/-/language-tags-1.0.9.tgz"","
"package-lock.json","5306","registry.npmjs.org","""resolved"": ""https://registry.npmjs.org/levn/-/levn-0.4.1.tgz"","
"package-lock.json","5320","registry.npmjs.org","""resolved"": ""https://registry.npmjs.org/lightningcss/-/lightningcss-1.32.0.tgz"","
"package-lock.json","5350","registry.npmjs.org","""resolved"": ""https://registry.npmjs.org/lightningcss-android-arm64/-/lightningcss-android-arm64-1.32.0.tgz"","
"package-lock.json","5371","registry.npmjs.org","""resolved"": ""https://registry.npmjs.org/lightningcss-darwin-arm64/-/lightningcss-darwin-arm64-1.32.0.tgz"","
"package-lock.json","5392","registry.npmjs.org","""resolved"": ""https://registry.npmjs.org/lightningcss-darwin-x64/-/lightningcss-darwin-x64-1.32.0.tgz"","
"package-lock.json","5413","registry.npmjs.org","""resolved"": ""https://registry.npmjs.org/lightningcss-freebsd-x64/-/lightningcss-freebsd-x64-1.32.0.tgz"","
"package-lock.json","5434","registry.npmjs.org","""resolved"": ""https://registry.npmjs.org/lightningcss-linux-arm-gnueabihf/-/lightningcss-linux-arm-gnueabihf-1.32.0.tgz"","
"package-lock.json","5455","registry.npmjs.org","""resolved"": ""https://registry.npmjs.org/lightningcss-linux-arm64-gnu/-/lightningcss-linux-arm64-gnu-1.32.0.tgz"","
"package-lock.json","5479","registry.npmjs.org","""resolved"": ""https://registry.npmjs.org/lightningcss-linux-arm64-musl/-/lightningcss-linux-arm64-musl-1.32.0.tgz"","
"package-lock.json","5503","registry.npmjs.org","""resolved"": ""https://registry.npmjs.org/lightningcss-linux-x64-gnu/-/lightningcss-linux-x64-gnu-1.32.0.tgz"","
"package-lock.json","5527","registry.npmjs.org","""resolved"": ""https://registry.npmjs.org/lightningcss-linux-x64-musl/-/lightningcss-linux-x64-musl-1.32.0.tgz"","
"package-lock.json","5551","registry.npmjs.org","""resolved"": ""https://registry.npmjs.org/lightningcss-win32-arm64-msvc/-/lightningcss-win32-arm64-msvc-1.32.0.tgz"","
"package-lock.json","5572","registry.npmjs.org","""resolved"": ""https://registry.npmjs.org/lightningcss-win32-x64-msvc/-/lightningcss-win32-x64-msvc-1.32.0.tgz"","
"package-lock.json","5593","registry.npmjs.org","""resolved"": ""https://registry.npmjs.org/locate-path/-/locate-path-6.0.0.tgz"","
"package-lock.json","5609","registry.npmjs.org","""resolved"": ""https://registry.npmjs.org/lodash.merge/-/lodash.merge-4.6.2.tgz"","
"package-lock.json","5616","registry.npmjs.org","""resolved"": ""https://registry.npmjs.org/loose-envify/-/loose-envify-1.4.0.tgz"","
"package-lock.json","5629","registry.npmjs.org","""resolved"": ""https://registry.npmjs.org/lru-cache/-/lru-cache-5.1.1.tgz"","
"package-lock.json","5639","registry.npmjs.org","""resolved"": ""https://registry.npmjs.org/magic-string/-/magic-string-0.30.21.tgz"","
"package-lock.json","5649","registry.npmjs.org","""resolved"": ""https://registry.npmjs.org/math-intrinsics/-/math-intrinsics-1.1.0.tgz"","
"package-lock.json","5659","registry.npmjs.org","""resolved"": ""https://registry.npmjs.org/merge2/-/merge2-1.4.1.tgz"","
"package-lock.json","5669","registry.npmjs.org","""resolved"": ""https://registry.npmjs.org/micromatch/-/micromatch-4.0.8.tgz"","
"package-lock.json","5683","registry.npmjs.org","""resolved"": ""https://registry.npmjs.org/minimatch/-/minimatch-3.1.5.tgz"","
"package-lock.json","5696","registry.npmjs.org","""resolved"": ""https://registry.npmjs.org/minimist/-/minimist-1.2.8.tgz"","
"package-lock.json","5706","registry.npmjs.org","""resolved"": ""https://registry.npmjs.org/ms/-/ms-2.1.3.tgz"","
"package-lock.json","5712","registry.npmjs.org","""resolved"": ""https://registry.npmjs.org/nanoid/-/nanoid-3.3.11.tgz"","
"package-lock.json","5730","registry.npmjs.org","""resolved"": ""https://registry.npmjs.org/napi-postinstall/-/napi-postinstall-0.3.4.tgz"","
"package-lock.json","5746","registry.npmjs.org","""resolved"": ""https://registry.npmjs.org/natural-compare/-/natural-compare-1.4.0.tgz"","
"package-lock.json","5753","registry.npmjs.org","""resolved"": ""https://registry.npmjs.org/next/-/next-16.2.4.tgz"","
"package-lock.json","5806","registry.npmjs.org","""resolved"": ""https://registry.npmjs.org/postcss/-/postcss-8.4.31.tgz"","
"package-lock.json","5834","registry.npmjs.org","""resolved"": ""https://registry.npmjs.org/node-domexception/-/node-domexception-1.0.0.tgz"","
"package-lock.json","5854","registry.npmjs.org","""resolved"": ""https://registry.npmjs.org/node-exports-info/-/node-exports-info-1.6.0.tgz"","
"package-lock.json","5873","registry.npmjs.org","""resolved"": ""https://registry.npmjs.org/node-fetch/-/node-fetch-3.3.2.tgz"","
"package-lock.json","5891","registry.npmjs.org","""resolved"": ""https://registry.npmjs.org/node-releases/-/node-releases-2.0.38.tgz"","
"package-lock.json","5898","registry.npmjs.org","""resolved"": ""https://registry.npmjs.org/object-assign/-/object-assign-4.1.1.tgz"","
"package-lock.json","5908","registry.npmjs.org","""resolved"": ""https://registry.npmjs.org/object-inspect/-/object-inspect-1.13.4.tgz"","
"package-lock.json","5921","registry.npmjs.org","""resolved"": ""https://registry.npmjs.org/object-keys/-/object-keys-1.1.1.tgz"","
"package-lock.json","5931","registry.npmjs.org","""resolved"": ""https://registry.npmjs.org/object.assign/-/object.assign-4.1.7.tgz"","
"package-lock.json","5952","registry.npmjs.org","""resolved"": ""https://registry.npmjs.org/object.entries/-/object.entries-1.1.9.tgz"","
"package-lock.json","5968","registry.npmjs.org","""resolved"": ""https://registry.npmjs.org/object.fromentries/-/object.fromentries-2.0.8.tgz"","
"package-lock.json","5987","registry.npmjs.org","""resolved"": ""https://registry.npmjs.org/object.groupby/-/object.groupby-1.0.3.tgz"","
"package-lock.json","6002","registry.npmjs.org","""resolved"": ""https://registry.npmjs.org/object.values/-/object.values-1.2.1.tgz"","
"package-lock.json","6021","registry.npmjs.org","""resolved"": ""https://registry.npmjs.org/once/-/once-1.4.0.tgz"","
"package-lock.json","6030","registry.npmjs.org","""resolved"": ""https://registry.npmjs.org/optionator/-/optionator-0.9.4.tgz"","
"package-lock.json","6048","registry.npmjs.org","""resolved"": ""https://registry.npmjs.org/own-keys/-/own-keys-1.0.1.tgz"","
"package-lock.json","6066","registry.npmjs.org","""resolved"": ""https://registry.npmjs.org/p-limit/-/p-limit-3.1.0.tgz"","
"package-lock.json","6082","registry.npmjs.org","""resolved"": ""https://registry.npmjs.org/p-locate/-/p-locate-5.0.0.tgz"","
"package-lock.json","6098","registry.npmjs.org","""resolved"": ""https://registry.npmjs.org/parent-module/-/parent-module-1.0.1.tgz"","
"package-lock.json","6111","registry.npmjs.org","""resolved"": ""https://registry.npmjs.org/path-exists/-/path-exists-4.0.0.tgz"","
"package-lock.json","6121","registry.npmjs.org","""resolved"": ""https://registry.npmjs.org/path-key/-/path-key-3.1.1.tgz"","
"package-lock.json","6131","registry.npmjs.org","""resolved"": ""https://registry.npmjs.org/path-parse/-/path-parse-1.0.7.tgz"","
"package-lock.json","6138","registry.npmjs.org","""resolved"": ""https://registry.npmjs.org/picocolors/-/picocolors-1.1.1.tgz"","
"package-lock.json","6144","registry.npmjs.org","""resolved"": ""https://registry.npmjs.org/picomatch/-/picomatch-2.3.2.tgz"","
"package-lock.json","6157","registry.npmjs.org","""resolved"": ""https://registry.npmjs.org/possible-typed-array-names/-/possible-typed-array-names-1.1.0.tgz"","
"package-lock.json","6167","registry.npmjs.org","""resolved"": ""https://registry.npmjs.org/postcss/-/postcss-8.5.12.tgz"","
"package-lock.json","6196","registry.npmjs.org","""resolved"": ""https://registry.npmjs.org/prelude-ls/-/prelude-ls-1.2.1.tgz"","
"package-lock.json","6206","registry.npmjs.org","""resolved"": ""https://registry.npmjs.org/prop-types/-/prop-types-15.8.1.tgz"","
"package-lock.json","6218","registry.npmjs.org","""resolved"": ""https://registry.npmjs.org/punycode/-/punycode-2.3.1.tgz"","
"package-lock.json","6228","registry.npmjs.org","""resolved"": ""https://registry.npmjs.org/queue-microtask/-/queue-microtask-1.2.3.tgz"","
"package-lock.json","6249","registry.npmjs.org","""resolved"": ""https://registry.npmjs.org/react/-/react-19.2.4.tgz"","
"package-lock.json","6258","registry.npmjs.org","""resolved"": ""https://registry.npmjs.org/react-dom/-/react-dom-19.2.4.tgz"","
"package-lock.json","6270","registry.npmjs.org","""resolved"": ""https://registry.npmjs.org/react-is/-/react-is-16.13.1.tgz"","
"package-lock.json","6276","registry.npmjs.org","""resolved"": ""https://registry.npmjs.org/react-redux/-/react-redux-9.2.0.tgz"","
"package-lock.json","6299","registry.npmjs.org","""resolved"": ""https://registry.npmjs.org/readable-stream/-/readable-stream-3.6.2.tgz"","
"package-lock.json","6313","registry.npmjs.org","""resolved"": ""https://registry.npmjs.org/recharts/-/recharts-3.8.1.tgz"","
"package-lock.json","6343","registry.npmjs.org","""resolved"": ""https://registry.npmjs.org/redux/-/redux-5.0.1.tgz"","
"package-lock.json","6349","registry.npmjs.org","""resolved"": ""https://registry.npmjs.org/redux-thunk/-/redux-thunk-3.1.0.tgz"","
"package-lock.json","6358","registry.npmjs.org","""resolved"": ""https://registry.npmjs.org/reflect.getprototypeof/-/reflect.getprototypeof-1.0.10.tgz"","
"package-lock.json","6381","registry.npmjs.org","""resolved"": ""https://registry.npmjs.org/regexp.prototype.flags/-/regexp.prototype.flags-1.5.4.tgz"","
"package-lock.json","6402","registry.npmjs.org","""resolved"": ""https://registry.npmjs.org/reselect/-/reselect-5.1.1.tgz"","
"package-lock.json","6408","registry.npmjs.org","""resolved"": ""https://registry.npmjs.org/resolve/-/resolve-2.0.0-next.6.tgz"","
"package-lock.json","6432","registry.npmjs.org","""resolved"": ""https://registry.npmjs.org/resolve-from/-/resolve-from-4.0.0.tgz"","
"package-lock.json","6442","registry.npmjs.org","""resolved"": ""https://registry.npmjs.org/resolve-pkg-maps/-/resolve-pkg-maps-1.0.0.tgz"","
"package-lock.json","6452","registry.npmjs.org","""resolved"": ""https://registry.npmjs.org/retry-request/-/retry-request-8.0.2.tgz"","
"package-lock.json","6465","registry.npmjs.org","""resolved"": ""https://registry.npmjs.org/reusify/-/reusify-1.1.0.tgz"","
"package-lock.json","6476","registry.npmjs.org","""resolved"": ""https://registry.npmjs.org/run-parallel/-/run-parallel-1.2.0.tgz"","
"package-lock.json","6500","registry.npmjs.org","""resolved"": ""https://registry.npmjs.org/safe-array-concat/-/safe-array-concat-1.1.4.tgz"","
"package-lock.json","6520","registry.npmjs.org","""resolved"": ""https://registry.npmjs.org/safe-buffer/-/safe-buffer-5.2.1.tgz"","
"package-lock.json","6540","registry.npmjs.org","""resolved"": ""https://registry.npmjs.org/safe-push-apply/-/safe-push-apply-1.0.0.tgz"","
"package-lock.json","6557","registry.npmjs.org","""resolved"": ""https://registry.npmjs.org/safe-regex-test/-/safe-regex-test-1.1.0.tgz"","
"package-lock.json","6575","registry.npmjs.org","""resolved"": ""https://registry.npmjs.org/scheduler/-/scheduler-0.27.0.tgz"","
"package-lock.json","6581","registry.npmjs.org","""resolved"": ""https://registry.npmjs.org/semver/-/semver-6.3.1.tgz"","
"package-lock.json","6591","registry.npmjs.org","""resolved"": ""https://registry.npmjs.org/set-function-length/-/set-function-length-1.2.2.tgz"","
"package-lock.json","6609","registry.npmjs.org","""resolved"": ""https://registry.npmjs.org/set-function-name/-/set-function-name-2.0.2.tgz"","
"package-lock.json","6625","registry.npmjs.org","""resolved"": ""https://registry.npmjs.org/set-proto/-/set-proto-1.0.0.tgz"","
"package-lock.json","6640","registry.npmjs.org","""resolved"": ""https://registry.npmjs.org/sharp/-/sharp-0.34.5.tgz"","
"package-lock.json","6685","registry.npmjs.org","""resolved"": ""https://registry.npmjs.org/semver/-/semver-7.7.4.tgz"","
"package-lock.json","6698","registry.npmjs.org","""resolved"": ""https://registry.npmjs.org/shebang-command/-/shebang-command-2.0.0.tgz"","
"package-lock.json","6711","registry.npmjs.org","""resolved"": ""https://registry.npmjs.org/shebang-regex/-/shebang-regex-3.0.0.tgz"","
"package-lock.json","6721","registry.npmjs.org","""resolved"": ""https://registry.npmjs.org/side-channel/-/side-channel-1.1.0.tgz"","
"package-lock.json","6741","registry.npmjs.org","""resolved"": ""https://registry.npmjs.org/side-channel-list/-/side-channel-list-1.0.1.tgz"","
"package-lock.json","6758","registry.npmjs.org","""resolved"": ""https://registry.npmjs.org/side-channel-map/-/side-channel-map-1.0.1.tgz"","
"package-lock.json","6777","registry.npmjs.org","""resolved"": ""https://registry.npmjs.org/side-channel-weakmap/-/side-channel-weakmap-1.0.2.tgz"","
"package-lock.json","6797","registry.npmjs.org","""resolved"": ""https://registry.npmjs.org/source-map-js/-/source-map-js-1.2.1.tgz"","
"package-lock.json","6806","registry.npmjs.org","""resolved"": ""https://registry.npmjs.org/stable-hash/-/stable-hash-0.0.5.tgz"","
"package-lock.json","6813","registry.npmjs.org","""resolved"": ""https://registry.npmjs.org/stop-iteration-iterator/-/stop-iteration-iterator-1.1.0.tgz"","
"package-lock.json","6827","registry.npmjs.org","""resolved"": ""https://registry.npmjs.org/stream-events/-/stream-events-1.0.5.tgz"","
"package-lock.json","6836","registry.npmjs.org","""resolved"": ""https://registry.npmjs.org/stream-shift/-/stream-shift-1.0.3.tgz"","
"package-lock.json","6842","registry.npmjs.org","""resolved"": ""https://registry.npmjs.org/string_decoder/-/string_decoder-1.3.0.tgz"","
"package-lock.json","6851","registry.npmjs.org","""resolved"": ""https://registry.npmjs.org/string.prototype.includes/-/string.prototype.includes-2.0.1.tgz"","
"package-lock.json","6866","registry.npmjs.org","""resolved"": ""https://registry.npmjs.org/string.prototype.matchall/-/string.prototype.matchall-4.0.12.tgz"","
"package-lock.json","6894","registry.npmjs.org","""resolved"": ""https://registry.npmjs.org/string.prototype.repeat/-/string.prototype.repeat-1.0.0.tgz"","
"package-lock.json","6905","registry.npmjs.org","""resolved"": ""https://registry.npmjs.org/string.prototype.trim/-/string.prototype.trim-1.2.10.tgz"","
"package-lock.json","6927","registry.npmjs.org","""resolved"": ""https://registry.npmjs.org/string.prototype.trimend/-/string.prototype.trimend-1.0.9.tgz"","
"package-lock.json","6946","registry.npmjs.org","""resolved"": ""https://registry.npmjs.org/string.prototype.trimstart/-/string.prototype.trimstart-1.0.8.tgz"","
"package-lock.json","6964","registry.npmjs.org","""resolved"": ""https://registry.npmjs.org/strip-bom/-/strip-bom-3.0.0.tgz"","
"package-lock.json","6974","registry.npmjs.org","""resolved"": ""https://registry.npmjs.org/strip-json-comments/-/strip-json-comments-3.1.1.tgz"","
"package-lock.json","6987","registry.npmjs.org","""resolved"": ""https://registry.npmjs.org/stubs/-/stubs-3.0.0.tgz"","
"package-lock.json","6993","registry.npmjs.org","""resolved"": ""https://registry.npmjs.org/styled-jsx/-/styled-jsx-5.1.6.tgz"","
"package-lock.json","7016","registry.npmjs.org","""resolved"": ""https://registry.npmjs.org/supports-color/-/supports-color-7.2.0.tgz"","
"package-lock.json","7029","registry.npmjs.org","""resolved"": ""https://registry.npmjs.org/supports-preserve-symlinks-flag/-/supports-preserve-symlinks-flag-1.0.0.tgz"","
"package-lock.json","7042","registry.npmjs.org","""resolved"": ""https://registry.npmjs.org/tailwindcss/-/tailwindcss-4.2.4.tgz"","
"package-lock.json","7049","registry.npmjs.org","""resolved"": ""https://registry.npmjs.org/tapable/-/tapable-2.3.3.tgz"","
"package-lock.json","7063","registry.npmjs.org","""resolved"": ""https://registry.npmjs.org/teeny-request/-/teeny-request-10.1.2.tgz"","
"package-lock.json","7078","registry.npmjs.org","""resolved"": ""https://registry.npmjs.org/tiny-invariant/-/tiny-invariant-1.3.3.tgz"","
"package-lock.json","7084","registry.npmjs.org","""resolved"": ""https://registry.npmjs.org/tinyglobby/-/tinyglobby-0.2.16.tgz"","
"package-lock.json","7101","registry.npmjs.org","""resolved"": ""https://registry.npmjs.org/fdir/-/fdir-6.5.0.tgz"","
"package-lock.json","7119","registry.npmjs.org","""resolved"": ""https://registry.npmjs.org/picomatch/-/picomatch-4.0.4.tgz"","
"package-lock.json","7132","registry.npmjs.org","""resolved"": ""https://registry.npmjs.org/to-regex-range/-/to-regex-range-5.0.1.tgz"","
"package-lock.json","7145","registry.npmjs.org","""resolved"": ""https://registry.npmjs.org/ts-api-utils/-/ts-api-utils-2.5.0.tgz"","
"package-lock.json","7158","registry.npmjs.org","""resolved"": ""https://registry.npmjs.org/tsconfig-paths/-/tsconfig-paths-3.15.0.tgz"","
"package-lock.json","7171","registry.npmjs.org","""resolved"": ""https://registry.npmjs.org/json5/-/json5-1.0.2.tgz"","
"package-lock.json","7184","registry.npmjs.org","""resolved"": ""https://registry.npmjs.org/tslib/-/tslib-2.8.1.tgz"","
"package-lock.json","7190","registry.npmjs.org","""resolved"": ""https://registry.npmjs.org/type-check/-/type-check-0.4.0.tgz"","
"package-lock.json","7203","registry.npmjs.org","""resolved"": ""https://registry.npmjs.org/typed-array-buffer/-/typed-array-buffer-1.0.3.tgz"","
"package-lock.json","7218","registry.npmjs.org","""resolved"": ""https://registry.npmjs.org/typed-array-byte-length/-/typed-array-byte-length-1.0.3.tgz"","
"package-lock.json","7238","registry.npmjs.org","""resolved"": ""https://registry.npmjs.org/typed-array-byte-offset/-/typed-array-byte-offset-1.0.4.tgz"","
"package-lock.json","7260","registry.npmjs.org","""resolved"": ""https://registry.npmjs.org/typed-array-length/-/typed-array-length-1.0.7.tgz"","
"package-lock.json","7281","registry.npmjs.org","""resolved"": ""https://registry.npmjs.org/typescript/-/typescript-5.9.3.tgz"","
"package-lock.json","7295","registry.npmjs.org","""resolved"": ""https://registry.npmjs.org/typescript-eslint/-/typescript-eslint-8.59.1.tgz"","
"package-lock.json","7319","registry.npmjs.org","""resolved"": ""https://registry.npmjs.org/unbox-primitive/-/unbox-primitive-1.1.0.tgz"","
"package-lock.json","7338","registry.npmjs.org","""resolved"": ""https://registry.npmjs.org/undici-types/-/undici-types-6.21.0.tgz"","
"package-lock.json","7345","registry.npmjs.org","""resolved"": ""https://registry.npmjs.org/unrs-resolver/-/unrs-resolver-1.11.1.tgz"","
"package-lock.json","7380","registry.npmjs.org","""resolved"": ""https://registry.npmjs.org/update-browserslist-db/-/update-browserslist-db-1.2.3.tgz"","
"package-lock.json","7411","registry.npmjs.org","""resolved"": ""https://registry.npmjs.org/uri-js/-/uri-js-4.4.1.tgz"","
"package-lock.json","7421","registry.npmjs.org","""resolved"": ""https://registry.npmjs.org/use-sync-external-store/-/use-sync-external-store-1.6.0.tgz"","
"package-lock.json","7430","registry.npmjs.org","""resolved"": ""https://registry.npmjs.org/util-deprecate/-/util-deprecate-1.0.2.tgz"","
"package-lock.json","7436","registry.npmjs.org","""resolved"": ""https://registry.npmjs.org/victory-vendor/-/victory-vendor-37.3.6.tgz"","
"package-lock.json","7458","registry.npmjs.org","""resolved"": ""https://registry.npmjs.org/web-streams-polyfill/-/web-streams-polyfill-3.3.3.tgz"","
"package-lock.json","7467","registry.npmjs.org","""resolved"": ""https://registry.npmjs.org/which/-/which-2.0.2.tgz"","
"package-lock.json","7483","registry.npmjs.org","""resolved"": ""https://registry.npmjs.org/which-boxed-primitive/-/which-boxed-primitive-1.1.1.tgz"","
"package-lock.json","7503","registry.npmjs.org","""resolved"": ""https://registry.npmjs.org/which-builtin-type/-/which-builtin-type-1.2.1.tgz"","
"package-lock.json","7531","registry.npmjs.org","""resolved"": ""https://registry.npmjs.org/which-collection/-/which-collection-1.0.2.tgz"","
"package-lock.json","7550","registry.npmjs.org","""resolved"": ""https://registry.npmjs.org/which-typed-array/-/which-typed-array-1.1.20.tgz"","
"package-lock.json","7572","registry.npmjs.org","""resolved"": ""https://registry.npmjs.org/word-wrap/-/word-wrap-1.2.5.tgz"","
"package-lock.json","7582","registry.npmjs.org","""resolved"": ""https://registry.npmjs.org/wrappy/-/wrappy-1.0.2.tgz"","
"package-lock.json","7588","registry.npmjs.org","""resolved"": ""https://registry.npmjs.org/yallist/-/yallist-3.1.1.tgz"","
"package-lock.json","7595","registry.npmjs.org","""resolved"": ""https://registry.npmjs.org/yocto-queue/-/yocto-queue-0.1.0.tgz"","
"package-lock.json","7608","registry.npmjs.org","""resolved"": ""https://registry.npmjs.org/zod/-/zod-4.3.6.tgz"","
"package-lock.json","7618","registry.npmjs.org","""resolved"": ""https://registry.npmjs.org/zod-validation-error/-/zod-validation-error-4.0.2.tgz"","
"package-lock.json","1149","remapping-2.3.5","""resolved"": ""https://registry.npmjs.org/@jridgewell/remapping/-/remapping-2.3.5.tgz"","
"package-lock.json","6402","reselect-5.1.1","""resolved"": ""https://registry.npmjs.org/reselect/-/reselect-5.1.1.tgz"","
"package-lock.json","6408","resolve-2.0.0","""resolved"": ""https://registry.npmjs.org/resolve/-/resolve-2.0.0-next.6.tgz"","
"package-lock.json","6432","resolve-from-4.0.0","""resolved"": ""https://registry.npmjs.org/resolve-from/-/resolve-from-4.0.0.tgz"","
"package-lock.json","6442","resolve-pkg-maps-1.0.0","""resolved"": ""https://registry.npmjs.org/resolve-pkg-maps/-/resolve-pkg-maps-1.0.0.tgz"","
"package-lock.json","2192","resolver-binding-android-arm64-1.11.1","""resolved"": ""https://registry.npmjs.org/@unrs/resolver-binding-android-arm64/-/resolver-binding-android-arm64-1.11.1.tgz"","
"package-lock.json","2178","resolver-binding-android-arm-eabi-1.11.1","""resolved"": ""https://registry.npmjs.org/@unrs/resolver-binding-android-arm-eabi/-/resolver-binding-android-arm-eabi-1.11.1.tgz"","
"package-lock.json","2206","resolver-binding-darwin-arm64-1.11.1","""resolved"": ""https://registry.npmjs.org/@unrs/resolver-binding-darwin-arm64/-/resolver-binding-darwin-arm64-1.11.1.tgz"","
"package-lock.json","2220","resolver-binding-darwin-x64-1.11.1","""resolved"": ""https://registry.npmjs.org/@unrs/resolver-binding-darwin-x64/-/resolver-binding-darwin-x64-1.11.1.tgz"","
"package-lock.json","2234","resolver-binding-freebsd-x64-1.11.1","""resolved"": ""https://registry.npmjs.org/@unrs/resolver-binding-freebsd-x64/-/resolver-binding-freebsd-x64-1.11.1.tgz"","
"package-lock.json","2276","resolver-binding-linux-arm64-gnu-1.11.1","""resolved"": ""https://registry.npmjs.org/@unrs/resolver-binding-linux-arm64-gnu/-/resolver-binding-linux-arm64-gnu-1.11.1.tgz"","
"package-lock.json","2293","resolver-binding-linux-arm64-musl-1.11.1","""resolved"": ""https://registry.npmjs.org/@unrs/resolver-binding-linux-arm64-musl/-/resolver-binding-linux-arm64-musl-1.11.1.tgz"","
"package-lock.json","2248","resolver-binding-linux-arm-gnueabihf-1.11.1","""resolved"": ""https://registry.npmjs.org/@unrs/resolver-binding-linux-arm-gnueabihf/-/resolver-binding-linux-arm-gnueabihf-1.11.1.tgz"","
"package-lock.json","2262","resolver-binding-linux-arm-musleabihf-1.11.1","""resolved"": ""https://registry.npmjs.org/@unrs/resolver-binding-linux-arm-musleabihf/-/resolver-binding-linux-arm-musleabihf-1.11.1.tgz"","
"package-lock.json","2310","resolver-binding-linux-ppc64-gnu-1.11.1","""resolved"": ""https://registry.npmjs.org/@unrs/resolver-binding-linux-ppc64-gnu/-/resolver-binding-linux-ppc64-gnu-1.11.1.tgz"","
"package-lock.json","2327","resolver-binding-linux-riscv64-gnu-1.11.1","""resolved"": ""https://registry.npmjs.org/@unrs/resolver-binding-linux-riscv64-gnu/-/resolver-binding-linux-riscv64-gnu-1.11.1.tgz"","
"package-lock.json","2344","resolver-binding-linux-riscv64-musl-1.11.1","""resolved"": ""https://registry.npmjs.org/@unrs/resolver-binding-linux-riscv64-musl/-/resolver-binding-linux-riscv64-musl-1.11.1.tgz"","
"package-lock.json","2361","resolver-binding-linux-s390x-gnu-1.11.1","""resolved"": ""https://registry.npmjs.org/@unrs/resolver-binding-linux-s390x-gnu/-/resolver-binding-linux-s390x-gnu-1.11.1.tgz"","
"package-lock.json","2378","resolver-binding-linux-x64-gnu-1.11.1","""resolved"": ""https://registry.npmjs.org/@unrs/resolver-binding-linux-x64-gnu/-/resolver-binding-linux-x64-gnu-1.11.1.tgz"","
"package-lock.json","2395","resolver-binding-linux-x64-musl-1.11.1","""resolved"": ""https://registry.npmjs.org/@unrs/resolver-binding-linux-x64-musl/-/resolver-binding-linux-x64-musl-1.11.1.tgz"","
"package-lock.json","2412","resolver-binding-wasm32-wasi-1.11.1","""resolved"": ""https://registry.npmjs.org/@unrs/resolver-binding-wasm32-wasi/-/resolver-binding-wasm32-wasi-1.11.1.tgz"","
"package-lock.json","2429","resolver-binding-win32-arm64-msvc-1.11.1","""resolved"": ""https://registry.npmjs.org/@unrs/resolver-binding-win32-arm64-msvc/-/resolver-binding-win32-arm64-msvc-1.11.1.tgz"","
"package-lock.json","2443","resolver-binding-win32-ia32-msvc-1.11.1","""resolved"": ""https://registry.npmjs.org/@unrs/resolver-binding-win32-ia32-msvc/-/resolver-binding-win32-ia32-msvc-1.11.1.tgz"","
"package-lock.json","2457","resolver-binding-win32-x64-msvc-1.11.1","""resolved"": ""https://registry.npmjs.org/@unrs/resolver-binding-win32-x64-msvc/-/resolver-binding-win32-x64-msvc-1.11.1.tgz"","
"package-lock.json","1160","resolve-uri-3.1.2","""resolved"": ""https://registry.npmjs.org/@jridgewell/resolve-uri/-/resolve-uri-3.1.2.tgz"","
"package-lock.json","610","retry-0.4.3","""resolved"": ""https://registry.npmjs.org/@humanwhocodes/retry/-/retry-0.4.3.tgz"","
"package-lock.json","6452","retry-request-8.0.2","""resolved"": ""https://registry.npmjs.org/retry-request/-/retry-request-8.0.2.tgz"","
"package-lock.json","6465","reusify-1.1.0","""resolved"": ""https://registry.npmjs.org/reusify/-/reusify-1.1.0.tgz"","
"next-env.d.ts","3","routes.d.ts","import ""./.next/dev/types/routes.d.ts"";"
"app\components\retention\PatternDiscovery.tsx","196","row.avgOrders.toFixed","{row.avgOrders.toFixed(2)}"
"app\components\retention\PatternDiscovery.tsx","192","row.customers.toLocaleString","{row.customers.toLocaleString('en-IN')}"
"app\components\retention\PatternDiscovery.tsx","204","row.successCustomers.toLocaleString","{row.successCustomers.toLocaleString('en-IN')}"
"app\components\retention\LearningLoop.tsx","94","rows.length.toString","<Card label=""Learnings"" value={rows.length.toString()} />"
"app\components\retention\PatternDiscovery.tsx","108","rows.length.toString","<Card label=""Patterns"" value={rows.length.toString()} />"
"package-lock.json","6476","run-parallel-1.2.0","""resolved"": ""https://registry.npmjs.org/run-parallel/-/run-parallel-1.2.0.tgz"","
"package-lock.json","295","runtime-1.10.0","""resolved"": ""https://registry.npmjs.org/@emnapi/runtime/-/runtime-1.10.0.tgz"","
"package-lock.json","6500","safe-array-concat-1.1.4","""resolved"": ""https://registry.npmjs.org/safe-array-concat/-/safe-array-concat-1.1.4.tgz"","
"package-lock.json","6520","safe-buffer-5.2.1","""resolved"": ""https://registry.npmjs.org/safe-buffer/-/safe-buffer-5.2.1.tgz"","
"package-lock.json","6540","safe-push-apply-1.0.0","""resolved"": ""https://registry.npmjs.org/safe-push-apply/-/safe-push-apply-1.0.0.tgz"","
"package-lock.json","6557","safe-regex-test-1.1.0","""resolved"": ""https://registry.npmjs.org/safe-regex-test/-/safe-regex-test-1.1.0.tgz"","
"package-lock.json","1357","scandir-2.1.5","""resolved"": ""https://registry.npmjs.org/@nodelib/fs.scandir/-/fs.scandir-2.1.5.tgz"","
"package-lock.json","1441","scc-1.1.0","""resolved"": ""https://registry.npmjs.org/@rtsao/scc/-/scc-1.1.0.tgz"","
"package-lock.json","6575","scheduler-0.27.0","""resolved"": ""https://registry.npmjs.org/scheduler/-/scheduler-0.27.0.tgz"","
"package-lock.json","1969","scope-manager-8.59.1","""resolved"": ""https://registry.npmjs.org/@typescript-eslint/scope-manager/-/scope-manager-8.59.1.tgz"","
"package-lock.json","6581","semver-6.3.1","""resolved"": ""https://registry.npmjs.org/semver/-/semver-6.3.1.tgz"","
"package-lock.json","2110","semver-7.7.4","""resolved"": ""https://registry.npmjs.org/semver/-/semver-7.7.4.tgz"","
"package-lock.json","4787","semver-7.7.4","""resolved"": ""https://registry.npmjs.org/semver/-/semver-7.7.4.tgz"","
"package-lock.json","6685","semver-7.7.4","""resolved"": ""https://registry.npmjs.org/semver/-/semver-7.7.4.tgz"","
"package-lock.json","6591","set-function-length-1.2.2","""resolved"": ""https://registry.npmjs.org/set-function-length/-/set-function-length-1.2.2.tgz"","
"package-lock.json","6609","set-function-name-2.0.2","""resolved"": ""https://registry.npmjs.org/set-function-name/-/set-function-name-2.0.2.tgz"","
"package-lock.json","6625","set-proto-1.0.0","""resolved"": ""https://registry.npmjs.org/set-proto/-/set-proto-1.0.0.tgz"","
"package-lock.json","6640","sharp-0.34.5","""resolved"": ""https://registry.npmjs.org/sharp/-/sharp-0.34.5.tgz"","
"package-lock.json","634","sharp-darwin-arm64-0.34.5","""resolved"": ""https://registry.npmjs.org/@img/sharp-darwin-arm64/-/sharp-darwin-arm64-0.34.5.tgz"","
"package-lock.json","656","sharp-darwin-x64-0.34.5","""resolved"": ""https://registry.npmjs.org/@img/sharp-darwin-x64/-/sharp-darwin-x64-0.34.5.tgz"","
"package-lock.json","678","sharp-libvips-darwin-arm64-1.2.4","""resolved"": ""https://registry.npmjs.org/@img/sharp-libvips-darwin-arm64/-/sharp-libvips-darwin-arm64-1.2.4.tgz"","
"package-lock.json","694","sharp-libvips-darwin-x64-1.2.4","""resolved"": ""https://registry.npmjs.org/@img/sharp-libvips-darwin-x64/-/sharp-libvips-darwin-x64-1.2.4.tgz"","
"package-lock.json","710","sharp-libvips-linux-arm-1.2.4","""resolved"": ""https://registry.npmjs.org/@img/sharp-libvips-linux-arm/-/sharp-libvips-linux-arm-1.2.4.tgz"","
"package-lock.json","729","sharp-libvips-linux-arm64-1.2.4","""resolved"": ""https://registry.npmjs.org/@img/sharp-libvips-linux-arm64/-/sharp-libvips-linux-arm64-1.2.4.tgz"","
"package-lock.json","824","sharp-libvips-linuxmusl-arm64-1.2.4","""resolved"": ""https://registry.npmjs.org/@img/sharp-libvips-linuxmusl-arm64/-/sharp-libvips-linuxmusl-arm64-1.2.4.tgz"","
"package-lock.json","843","sharp-libvips-linuxmusl-x64-1.2.4","""resolved"": ""https://registry.npmjs.org/@img/sharp-libvips-linuxmusl-x64/-/sharp-libvips-linuxmusl-x64-1.2.4.tgz"","
"package-lock.json","748","sharp-libvips-linux-ppc64-1.2.4","""resolved"": ""https://registry.npmjs.org/@img/sharp-libvips-linux-ppc64/-/sharp-libvips-linux-ppc64-1.2.4.tgz"","
"package-lock.json","767","sharp-libvips-linux-riscv64-1.2.4","""resolved"": ""https://registry.npmjs.org/@img/sharp-libvips-linux-riscv64/-/sharp-libvips-linux-riscv64-1.2.4.tgz"","
"package-lock.json","786","sharp-libvips-linux-s390x-1.2.4","""resolved"": ""https://registry.npmjs.org/@img/sharp-libvips-linux-s390x/-/sharp-libvips-linux-s390x-1.2.4.tgz"","
"package-lock.json","805","sharp-libvips-linux-x64-1.2.4","""resolved"": ""https://registry.npmjs.org/@img/sharp-libvips-linux-x64/-/sharp-libvips-linux-x64-1.2.4.tgz"","
"package-lock.json","862","sharp-linux-arm-0.34.5","""resolved"": ""https://registry.npmjs.org/@img/sharp-linux-arm/-/sharp-linux-arm-0.34.5.tgz"","
"package-lock.json","887","sharp-linux-arm64-0.34.5","""resolved"": ""https://registry.npmjs.org/@img/sharp-linux-arm64/-/sharp-linux-arm64-0.34.5.tgz"","
"package-lock.json","1012","sharp-linuxmusl-arm64-0.34.5","""resolved"": ""https://registry.npmjs.org/@img/sharp-linuxmusl-arm64/-/sharp-linuxmusl-arm64-0.34.5.tgz"","
"package-lock.json","1037","sharp-linuxmusl-x64-0.34.5","""resolved"": ""https://registry.npmjs.org/@img/sharp-linuxmusl-x64/-/sharp-linuxmusl-x64-0.34.5.tgz"","
"package-lock.json","912","sharp-linux-ppc64-0.34.5","""resolved"": ""https://registry.npmjs.org/@img/sharp-linux-ppc64/-/sharp-linux-ppc64-0.34.5.tgz"","
"package-lock.json","937","sharp-linux-riscv64-0.34.5","""resolved"": ""https://registry.npmjs.org/@img/sharp-linux-riscv64/-/sharp-linux-riscv64-0.34.5.tgz"","
"package-lock.json","962","sharp-linux-s390x-0.34.5","""resolved"": ""https://registry.npmjs.org/@img/sharp-linux-s390x/-/sharp-linux-s390x-0.34.5.tgz"","
"package-lock.json","987","sharp-linux-x64-0.34.5","""resolved"": ""https://registry.npmjs.org/@img/sharp-linux-x64/-/sharp-linux-x64-0.34.5.tgz"","
"package-lock.json","1062","sharp-wasm32-0.34.5","""resolved"": ""https://registry.npmjs.org/@img/sharp-wasm32/-/sharp-wasm32-0.34.5.tgz"","
"package-lock.json","1081","sharp-win32-arm64-0.34.5","""resolved"": ""https://registry.npmjs.org/@img/sharp-win32-arm64/-/sharp-win32-arm64-0.34.5.tgz"","
"package-lock.json","1100","sharp-win32-ia32-0.34.5","""resolved"": ""https://registry.npmjs.org/@img/sharp-win32-ia32/-/sharp-win32-ia32-0.34.5.tgz"","
"package-lock.json","1119","sharp-win32-x64-0.34.5","""resolved"": ""https://registry.npmjs.org/@img/sharp-win32-x64/-/sharp-win32-x64-0.34.5.tgz"","
"package-lock.json","6698","shebang-command-2.0.0","""resolved"": ""https://registry.npmjs.org/shebang-command/-/shebang-command-2.0.0.tgz"","
"package-lock.json","6711","shebang-regex-3.0.0","""resolved"": ""https://registry.npmjs.org/shebang-regex/-/shebang-regex-3.0.0.tgz"","
"app\api\ceo-summary\route.ts","19","shopify-colab.brillare_shopify.ceo_summary_daily","FROM \`shopify-colab.brillare_shopify.ceo_summary_daily\`"
"app\api\google-os\campaign\route.ts","33","shopify-colab.brillare_shopify.google_campaign_daily_raw","FROM \`shopify-colab.brillare_shopify.google_campaign_daily_raw\`"
"app\api\google-os\channel-mix\route.ts","36","shopify-colab.brillare_shopify.google_campaign_daily_raw","FROM \`shopify-colab.brillare_shopify.google_campaign_daily_raw\`"
"app\api\google-os\overview\route.ts","37","shopify-colab.brillare_shopify.google_campaign_daily_raw","FROM \`shopify-colab.brillare_shopify.google_campaign_daily_raw\`"
"app\api\google-os\search-terms\route.ts","48","shopify-colab.brillare_shopify.google_search_term_daily_raw","FROM \`shopify-colab.brillare_shopify.google_search_term_daily_raw\`"
"app\api\google-os\search-terms\route.ts","95","shopify-colab.brillare_shopify.google_search_term_reviews","FROM \`shopify-colab.brillare_shopify.google_search_term_reviews\`"
"app\api\meta-os\route.ts","25","shopify-colab.brillare_shopify.meta_os_daily","FROM \`shopify-colab.brillare_shopify.meta_os_daily\`"
"app\api\meta-os\route.ts","32","shopify-colab.brillare_shopify.meta_os_daily","FROM \`shopify-colab.brillare_shopify.meta_os_daily\`"
"app\api\meta-os\route.ts","59","shopify-colab.brillare_shopify.meta_os_daily","FROM \`shopify-colab.brillare_shopify.meta_os_daily\`"
"app\api\meta-os\route.ts","69","shopify-colab.brillare_shopify.meta_os_daily","FROM \`shopify-colab.brillare_shopify.meta_os_daily\`"
"app\api\meta-os\route.ts","92","shopify-colab.brillare_shopify.meta_os_daily","FROM \`shopify-colab.brillare_shopify.meta_os_daily\`"
"app\api\meta-os\route.ts","114","shopify-colab.brillare_shopify.meta_os_daily","FROM \`shopify-colab.brillare_shopify.meta_os_daily\`"
"app\api\meta-os\route.ts","129","shopify-colab.brillare_shopify.meta_os_daily","FROM \`shopify-colab.brillare_shopify.meta_os_daily\`"
"app\api\meta-os\route.ts","155","shopify-colab.brillare_shopify.meta_os_daily","FROM \`shopify-colab.brillare_shopify.meta_os_daily\`, campaign_avg ca"
"app\api\meta-os\route.ts","171","shopify-colab.brillare_shopify.meta_os_daily","FROM \`shopify-colab.brillare_shopify.meta_os_daily\`"
"app\api\meta-os\route.ts","193","shopify-colab.brillare_shopify.meta_os_daily","FROM \`shopify-colab.brillare_shopify.meta_os_daily\`, campaign_total ct"
"app\api\meta-os\route.ts","208","shopify-colab.brillare_shopify.meta_os_daily","FROM \`shopify-colab.brillare_shopify.meta_os_daily\`"
"app\api\meta-os\route.ts","216","shopify-colab.brillare_shopify.meta_os_daily","FROM \`shopify-colab.brillare_shopify.meta_os_daily\`"
"app\api\meta-os\route.ts","234","shopify-colab.brillare_shopify.meta_os_daily","FROM \`shopify-colab.brillare_shopify.meta_os_daily\`"
"app\api\meta-os\route.ts","257","shopify-colab.brillare_shopify.meta_os_daily","FROM \`shopify-colab.brillare_shopify.meta_os_daily\` d"
"app\api\meta-os\route.ts","294","shopify-colab.brillare_shopify.meta_os_daily","FROM \`shopify-colab.brillare_shopify.meta_os_daily\`"
"app\api\meta-os\route.ts","318","shopify-colab.brillare_shopify.meta_os_daily","FROM \`shopify-colab.brillare_shopify.meta_os_daily\`"
"app\api\product-os\demand-trends\route.ts","34","shopify-colab.brillare_shopify.product_sku_daily","FROM \`shopify-colab.brillare_shopify.product_sku_daily\`"
"app\api\product-os\demand-trends\route.ts","45","shopify-colab.brillare_shopify.product_sku_daily","FROM \`shopify-colab.brillare_shopify.product_sku_daily\`"
"app\api\product-os\demand-trends\route.ts","94","shopify-colab.brillare_shopify.product_sku_daily","FROM \`shopify-colab.brillare_shopify.product_sku_daily\`"
"app\api\product-os\demand-trends\route.ts","108","shopify-colab.brillare_shopify.product_sku_daily","FROM \`shopify-colab.brillare_shopify.product_sku_daily\` d"
"app\api\product-os\demand-trends\route.ts","124","shopify-colab.brillare_shopify.product_sku_daily","FROM \`shopify-colab.brillare_shopify.product_sku_daily\` d"
"app\api\product-os\forecasting\route.ts","25","shopify-colab.brillare_shopify.product_sku_daily","FROM \`shopify-colab.brillare_shopify.product_sku_daily\`"
"app\api\product-os\forecasting\route.ts","36","shopify-colab.brillare_shopify.product_sku_daily","FROM \`shopify-colab.brillare_shopify.product_sku_daily\`"
"app\api\product-os\overview\route.ts","36","shopify-colab.brillare_shopify.product_sku_daily","FROM \`shopify-colab.brillare_shopify.product_sku_daily\`"
"app\api\product-os\overview\route.ts","46","shopify-colab.brillare_shopify.product_sku_daily","FROM \`shopify-colab.brillare_shopify.product_sku_daily\`"
"app\api\product-os\seasonality\route.ts","23","shopify-colab.brillare_shopify.product_sku_daily","FROM \`shopify-colab.brillare_shopify.product_sku_daily\`"
"app\api\product-os\sku-performance\route.ts","36","shopify-colab.brillare_shopify.product_sku_daily","FROM \`shopify-colab.brillare_shopify.product_sku_daily\`"
"app\api\product-os\sku-performance\route.ts","46","shopify-colab.brillare_shopify.product_sku_daily","FROM \`shopify-colab.brillare_shopify.product_sku_daily\`"
"app\api\retention-os\action-log\route.ts","4","shopify-colab.brillare_shopify.retention_action_log","const TABLE = 'shopify-colab.brillare_shopify.retention_action_log';"
"app\api\retention-os\summary\route.ts","14","shopify-colab.brillare_shopify.retention_action_log","(SELECT COUNT(*) FROM \`shopify-colab.brillare_shopify.retention_action_log\`) AS actions,"
"app\api\retention-os\confidence-change-log\route.ts","8","shopify-colab.brillare_shopify.retention_confidence_change_log","FROM \`shopify-colab.brillare_shopify.retention_confidence_change_log\`"
"app\api\retention-os\opportunity-settings\route.ts","107","shopify-colab.brillare_shopify.retention_confidence_change_log","INSERT INTO \`shopify-colab.brillare_shopify.retention_confidence_change_log\` ("
"app\api\retention-os\confidence-suggestions\route.ts","8","shopify-colab.brillare_shopify.retention_confidence_suggestions","FROM \`shopify-colab.brillare_shopify.retention_confidence_suggestions\`"
"app\api\retention-os\daily-execution-plan\route.ts","8","shopify-colab.brillare_shopify.retention_daily_execution_plan","FROM \`shopify-colab.brillare_shopify.retention_daily_execution_plan\`"
"app\api\retention-os\forecast\route.ts","8","shopify-colab.brillare_shopify.retention_forecast_v1","FROM \`shopify-colab.brillare_shopify.retention_forecast_v1\`"
"app\api\retention-os\global-settings\route.ts","3","shopify-colab.brillare_shopify.retention_global_settings","const TABLE = 'shopify-colab.brillare_shopify.retention_global_settings';"
"app\api\retention-os\journey-health-settings\route.ts","3","shopify-colab.brillare_shopify.retention_journey_health_settings","const TABLE = 'shopify-colab.brillare_shopify.retention_journey_health_settings';"
"app\api\retention-os\journey-settings\route.ts","3","shopify-colab.brillare_shopify.retention_journey_settings","const TABLE = 'shopify-colab.brillare_shopify.retention_journey_settings';"
"app\api\retention-os\learning-candidates\route.ts","8","shopify-colab.brillare_shopify.retention_learning_candidates","FROM \`shopify-colab.brillare_shopify.retention_learning_candidates\`"
"app\api\retention-os\summary\route.ts","18","shopify-colab.brillare_shopify.retention_learning_candidates","(SELECT COUNT(*) FROM \`shopify-colab.brillare_shopify.retention_learning_candidates\`) AS learning_candidates,"
"app\api\retention-os\learning-log\route.ts","4","shopify-colab.brillare_shopify.retention_learning_log","const TABLE = 'shopify-colab.brillare_shopify.retention_learning_log';"
"app\api\retention-os\summary\route.ts","16","shopify-colab.brillare_shopify.retention_learning_log","(SELECT COUNT(*) FROM \`shopify-colab.brillare_shopify.retention_learning_log\`) AS learnings,"
"app\api\retention-os\learning-summary\route.ts","8","shopify-colab.brillare_shopify.retention_learning_summary","FROM \`shopify-colab.brillare_shopify.retention_learning_summary\`"
"app\api\retention-os\opportunity-settings\route.ts","4","shopify-colab.brillare_shopify.retention_opportunity_settings","const TABLE = 'shopify-colab.brillare_shopify.retention_opportunity_settings';"
"app\api\retention-os\mapped-products\route.ts","8","shopify-colab.brillare_shopify.retention_product_master","FROM \`shopify-colab.brillare_shopify.retention_product_master\`"
"app\api\retention-os\product-master\route.ts","4","shopify-colab.brillare_shopify.retention_product_master","const TABLE = 'shopify-colab.brillare_shopify.retention_product_master';"
"app\api\retention-os\routine-master\route.ts","4","shopify-colab.brillare_shopify.retention_routine_master","const TABLE = 'shopify-colab.brillare_shopify.retention_routine_master';"
"app\api\retention-os\settings-health\route.ts","8","shopify-colab.brillare_shopify.retention_settings_health","FROM \`shopify-colab.brillare_shopify.retention_settings_health\`"
"app\api\retention-os\summary\route.ts","22","shopify-colab.brillare_shopify.retention_settings_health","FROM \`shopify-colab.brillare_shopify.retention_settings_health\` h"
"app\api\retention-os\unmapped-products\route.ts","14","shopify-colab.brillare_shopify.retention_unmapped_products","FROM \`shopify-colab.brillare_shopify.retention_unmapped_products\`"
"package-lock.json","6721","side-channel-1.1.0","""resolved"": ""https://registry.npmjs.org/side-channel/-/side-channel-1.1.0.tgz"","
"package-lock.json","6741","side-channel-list-1.0.1","""resolved"": ""https://registry.npmjs.org/side-channel-list/-/side-channel-list-1.0.1.tgz"","
"package-lock.json","6758","side-channel-map-1.0.1","""resolved"": ""https://registry.npmjs.org/side-channel-map/-/side-channel-map-1.0.1.tgz"","
"package-lock.json","6777","side-channel-weakmap-1.0.2","""resolved"": ""https://registry.npmjs.org/side-channel-weakmap/-/side-channel-weakmap-1.0.2.tgz"","
"package-lock.json","1170","sourcemap-codec-1.5.5","""resolved"": ""https://registry.npmjs.org/@jridgewell/sourcemap-codec/-/sourcemap-codec-1.5.5.tgz"","
"package-lock.json","6797","source-map-js-1.2.1","""resolved"": ""https://registry.npmjs.org/source-map-js/-/source-map-js-1.2.1.tgz"","
"package-lock.json","1448","spec-1.1.0","""resolved"": ""https://registry.npmjs.org/@standard-schema/spec/-/spec-1.1.0.tgz"","
"package-lock.json","6806","stable-hash-0.0.5","""resolved"": ""https://registry.npmjs.org/stable-hash/-/stable-hash-0.0.5.tgz"","
"package-lock.json","1371","stat-2.0.5","""resolved"": ""https://registry.npmjs.org/@nodelib/fs.stat/-/fs.stat-2.0.5.tgz"","
"package-lock.json","6813","stop-iteration-iterator-1.1.0","""resolved"": ""https://registry.npmjs.org/stop-iteration-iterator/-/stop-iteration-iterator-1.1.0.tgz"","
"package-lock.json","6827","stream-events-1.0.5","""resolved"": ""https://registry.npmjs.org/stream-events/-/stream-events-1.0.5.tgz"","
"package-lock.json","6836","stream-shift-1.0.3","""resolved"": ""https://registry.npmjs.org/stream-shift/-/stream-shift-1.0.3.tgz"","
"package-lock.json","3882","string.prototype.includes","""string.prototype.includes"": ""^2.0.1"""
"package-lock.json","6849","string.prototype.includes","""node_modules/string.prototype.includes"": {"
"package-lock.json","6851","string.prototype.includes","""resolved"": ""https://registry.npmjs.org/string.prototype.includes/-/string.prototype.includes-2.0.1.tgz"","
"package-lock.json","3914","string.prototype.matchall","""string.prototype.matchall"": ""^4.0.12"","
"package-lock.json","6864","string.prototype.matchall","""node_modules/string.prototype.matchall"": {"
"package-lock.json","6866","string.prototype.matchall","""resolved"": ""https://registry.npmjs.org/string.prototype.matchall/-/string.prototype.matchall-4.0.12.tgz"","
"package-lock.json","3915","string.prototype.repeat","""string.prototype.repeat"": ""^1.0.0"""
"package-lock.json","6892","string.prototype.repeat","""node_modules/string.prototype.repeat"": {"
"package-lock.json","6894","string.prototype.repeat","""resolved"": ""https://registry.npmjs.org/string.prototype.repeat/-/string.prototype.repeat-1.0.0.tgz"","
"package-lock.json","3474","string.prototype.trim","""string.prototype.trim"": ""^1.2.10"","
"package-lock.json","6903","string.prototype.trim","""node_modules/string.prototype.trim"": {"
"package-lock.json","6905","string.prototype.trim","""resolved"": ""https://registry.npmjs.org/string.prototype.trim/-/string.prototype.trim-1.2.10.tgz"","
"package-lock.json","3475","string.prototype.trimend","""string.prototype.trimend"": ""^1.0.9"","
"package-lock.json","3841","string.prototype.trimend","""string.prototype.trimend"": ""^1.0.9"","
"package-lock.json","6925","string.prototype.trimend","""node_modules/string.prototype.trimend"": {"
"package-lock.json","6927","string.prototype.trimend","""resolved"": ""https://registry.npmjs.org/string.prototype.trimend/-/string.prototype.trimend-1.0.9.tgz"","
"package-lock.json","3476","string.prototype.trimstart","""string.prototype.trimstart"": ""^1.0.8"","
"package-lock.json","6944","string.prototype.trimstart","""node_modules/string.prototype.trimstart"": {"
"package-lock.json","6946","string.prototype.trimstart","""resolved"": ""https://registry.npmjs.org/string.prototype.trimstart/-/string.prototype.trimstart-1.0.8.tgz"","
"package-lock.json","6964","strip-bom-3.0.0","""resolved"": ""https://registry.npmjs.org/strip-bom/-/strip-bom-3.0.0.tgz"","
"package-lock.json","6974","strip-json-comments-3.1.1","""resolved"": ""https://registry.npmjs.org/strip-json-comments/-/strip-json-comments-3.1.1.tgz"","
"package-lock.json","6987","stubs-3.0.0","""resolved"": ""https://registry.npmjs.org/stubs/-/stubs-3.0.0.tgz"","
"package-lock.json","6993","styled-jsx-5.1.6","""resolved"": ""https://registry.npmjs.org/styled-jsx/-/styled-jsx-5.1.6.tgz"","
"app\components\retention\DailyPlanner.tsx","131","summary.actions.toString","<Card label=""Actions"" value={summary.actions.toString()} />"
"app\components\retention\DailyPlanner.tsx","132","summary.customers.toLocaleString","<Card label=""Customers"" value={summary.customers.toLocaleString('en-IN')} />"
"app\components\retention\OpportunityBank.tsx","118","summary.opportunities.toString","<Card label=""Opportunities"" value={summary.opportunities.toString()} />"
"package-lock.json","7016","supports-color-7.2.0","""resolved"": ""https://registry.npmjs.org/supports-color/-/supports-color-7.2.0.tgz"","
"package-lock.json","7029","supports-preserve-symlinks-flag-1.0.0","""resolved"": ""https://registry.npmjs.org/supports-preserve-symlinks-flag/-/supports-preserve-symlinks-flag-1.0.0.tgz"","
"package-lock.json","1217","swc-darwin-arm64-16.2.4","""resolved"": ""https://registry.npmjs.org/@next/swc-darwin-arm64/-/swc-darwin-arm64-16.2.4.tgz"","
"package-lock.json","1233","swc-darwin-x64-16.2.4","""resolved"": ""https://registry.npmjs.org/@next/swc-darwin-x64/-/swc-darwin-x64-16.2.4.tgz"","
"package-lock.json","1249","swc-linux-arm64-gnu-16.2.4","""resolved"": ""https://registry.npmjs.org/@next/swc-linux-arm64-gnu/-/swc-linux-arm64-gnu-16.2.4.tgz"","
"package-lock.json","1268","swc-linux-arm64-musl-16.2.4","""resolved"": ""https://registry.npmjs.org/@next/swc-linux-arm64-musl/-/swc-linux-arm64-musl-16.2.4.tgz"","
"package-lock.json","1287","swc-linux-x64-gnu-16.2.4","""resolved"": ""https://registry.npmjs.org/@next/swc-linux-x64-gnu/-/swc-linux-x64-gnu-16.2.4.tgz"","
"package-lock.json","1306","swc-linux-x64-musl-16.2.4","""resolved"": ""https://registry.npmjs.org/@next/swc-linux-x64-musl/-/swc-linux-x64-musl-16.2.4.tgz"","
"package-lock.json","1325","swc-win32-arm64-msvc-16.2.4","""resolved"": ""https://registry.npmjs.org/@next/swc-win32-arm64-msvc/-/swc-win32-arm64-msvc-16.2.4.tgz"","
"package-lock.json","1341","swc-win32-x64-msvc-16.2.4","""resolved"": ""https://registry.npmjs.org/@next/swc-win32-x64-msvc/-/swc-win32-x64-msvc-16.2.4.tgz"","
"package-lock.json","7042","tailwindcss-4.2.4","""resolved"": ""https://registry.npmjs.org/tailwindcss/-/tailwindcss-4.2.4.tgz"","
"package-lock.json","7049","tapable-2.3.3","""resolved"": ""https://registry.npmjs.org/tapable/-/tapable-2.3.3.tgz"","
"package-lock.json","7063","teeny-request-10.1.2","""resolved"": ""https://registry.npmjs.org/teeny-request/-/teeny-request-10.1.2.tgz"","
"package-lock.json","235","template-7.28.6","""resolved"": ""https://registry.npmjs.org/@babel/template/-/template-7.28.6.tgz"","
"package-lock.json","7084","tinyglobby-0.2.16","""resolved"": ""https://registry.npmjs.org/tinyglobby/-/tinyglobby-0.2.16.tgz"","
"package-lock.json","7078","tiny-invariant-1.3.3","""resolved"": ""https://registry.npmjs.org/tiny-invariant/-/tiny-invariant-1.3.3.tgz"","
"package-lock.json","1405","toolkit-2.11.2","""resolved"": ""https://registry.npmjs.org/@reduxjs/toolkit/-/toolkit-2.11.2.tgz"","
"package-lock.json","7132","to-regex-range-5.0.1","""resolved"": ""https://registry.npmjs.org/to-regex-range/-/to-regex-range-5.0.1.tgz"","
"package-lock.json","1177","trace-mapping-0.3.31","""resolved"": ""https://registry.npmjs.org/@jridgewell/trace-mapping/-/trace-mapping-0.3.31.tgz"","
"package-lock.json","250","traverse-7.29.0","""resolved"": ""https://registry.npmjs.org/@babel/traverse/-/traverse-7.29.0.tgz"","
"package-lock.json","7145","ts-api-utils-2.5.0","""resolved"": ""https://registry.npmjs.org/ts-api-utils/-/ts-api-utils-2.5.0.tgz"","
"package-lock.json","7158","tsconfig-paths-3.15.0","""resolved"": ""https://registry.npmjs.org/tsconfig-paths/-/tsconfig-paths-3.15.0.tgz"","
"package-lock.json","1987","tsconfig-utils-8.59.1","""resolved"": ""https://registry.npmjs.org/@typescript-eslint/tsconfig-utils/-/tsconfig-utils-8.59.1.tgz"","
"package-lock.json","7184","tslib-2.8.1","""resolved"": ""https://registry.npmjs.org/tslib/-/tslib-2.8.1.tgz"","
"package-lock.json","7190","type-check-0.4.0","""resolved"": ""https://registry.npmjs.org/type-check/-/type-check-0.4.0.tgz"","
"package-lock.json","7203","typed-array-buffer-1.0.3","""resolved"": ""https://registry.npmjs.org/typed-array-buffer/-/typed-array-buffer-1.0.3.tgz"","
"package-lock.json","7218","typed-array-byte-length-1.0.3","""resolved"": ""https://registry.npmjs.org/typed-array-byte-length/-/typed-array-byte-length-1.0.3.tgz"","
"package-lock.json","7238","typed-array-byte-offset-1.0.4","""resolved"": ""https://registry.npmjs.org/typed-array-byte-offset/-/typed-array-byte-offset-1.0.4.tgz"","
"package-lock.json","7260","typed-array-length-1.0.7","""resolved"": ""https://registry.npmjs.org/typed-array-length/-/typed-array-length-1.0.7.tgz"","
"package-lock.json","586","types-0.15.0","""resolved"": ""https://registry.npmjs.org/@humanfs/types/-/types-0.15.0.tgz"","
"package-lock.json","269","types-7.29.0","""resolved"": ""https://registry.npmjs.org/@babel/types/-/types-7.29.0.tgz"","
"package-lock.json","2029","types-8.59.1","""resolved"": ""https://registry.npmjs.org/@typescript-eslint/types/-/types-8.59.1.tgz"","
"package-lock.json","7281","typescript-5.9.3","""resolved"": ""https://registry.npmjs.org/typescript/-/typescript-5.9.3.tgz"","
"package-lock.json","7295","typescript-eslint-8.59.1","""resolved"": ""https://registry.npmjs.org/typescript-eslint/-/typescript-eslint-8.59.1.tgz"","
"package-lock.json","2043","typescript-estree-8.59.1","""resolved"": ""https://registry.npmjs.org/@typescript-eslint/typescript-estree/-/typescript-estree-8.59.1.tgz"","
"package-lock.json","2004","type-utils-8.59.1","""resolved"": ""https://registry.npmjs.org/@typescript-eslint/type-utils/-/type-utils-8.59.1.tgz"","
"package-lock.json","7319","unbox-primitive-1.1.0","""resolved"": ""https://registry.npmjs.org/unbox-primitive/-/unbox-primitive-1.1.0.tgz"","
"package-lock.json","7338","undici-types-6.21.0","""resolved"": ""https://registry.npmjs.org/undici-types/-/undici-types-6.21.0.tgz"","
"package-lock.json","7345","unrs-resolver-1.11.1","""resolved"": ""https://registry.npmjs.org/unrs-resolver/-/unrs-resolver-1.11.1.tgz"","
"package-lock.json","7380","update-browserslist-db-1.2.3","""resolved"": ""https://registry.npmjs.org/update-browserslist-db/-/update-browserslist-db-1.2.3.tgz"","
"package-lock.json","7411","uri-js-4.4.1","""resolved"": ""https://registry.npmjs.org/uri-js/-/uri-js-4.4.1.tgz"","
"package-lock.json","1877","use-sync-external-store-0.0.6","""resolved"": ""https://registry.npmjs.org/@types/use-sync-external-store/-/use-sync-external-store-0.0.6.tgz"","
"package-lock.json","7421","use-sync-external-store-1.6.0","""resolved"": ""https://registry.npmjs.org/use-sync-external-store/-/use-sync-external-store-1.6.0.tgz"","
"package-lock.json","7430","util-deprecate-1.0.2","""resolved"": ""https://registry.npmjs.org/util-deprecate/-/util-deprecate-1.0.2.tgz"","
"package-lock.json","1454","utils-0.3.0","""resolved"": ""https://registry.npmjs.org/@standard-schema/utils/-/utils-0.3.0.tgz"","
"package-lock.json","2123","utils-8.59.1","""resolved"": ""https://registry.npmjs.org/@typescript-eslint/utils/-/utils-8.59.1.tgz"","
"package-lock.json","6002","values-1.2.1","""resolved"": ""https://registry.npmjs.org/object.values/-/object.values-1.2.1.tgz"","
"package-lock.json","7436","victory-vendor-37.3.6","""resolved"": ""https://registry.npmjs.org/victory-vendor/-/victory-vendor-37.3.6.tgz"","
"package-lock.json","2147","visitor-keys-8.59.1","""resolved"": ""https://registry.npmjs.org/@typescript-eslint/visitor-keys/-/visitor-keys-8.59.1.tgz"","
"package-lock.json","1381","walk-1.2.8","""resolved"": ""https://registry.npmjs.org/@nodelib/fs.walk/-/fs.walk-1.2.8.tgz"","
"package-lock.json","305","wasi-threads-1.2.1","""resolved"": ""https://registry.npmjs.org/@emnapi/wasi-threads/-/wasi-threads-1.2.1.tgz"","
"package-lock.json","1188","wasm-runtime-0.2.12","""resolved"": ""https://registry.npmjs.org/@napi-rs/wasm-runtime/-/wasm-runtime-0.2.12.tgz"","
"package-lock.json","1752","wasm-util-0.10.1","""resolved"": ""https://registry.npmjs.org/@tybys/wasm-util/-/wasm-util-0.10.1.tgz"","
"package-lock.json","7458","web-streams-polyfill-3.3.3","""resolved"": ""https://registry.npmjs.org/web-streams-polyfill/-/web-streams-polyfill-3.3.3.tgz"","
"package-lock.json","7467","which-2.0.2","""resolved"": ""https://registry.npmjs.org/which/-/which-2.0.2.tgz"","
"package-lock.json","7483","which-boxed-primitive-1.1.1","""resolved"": ""https://registry.npmjs.org/which-boxed-primitive/-/which-boxed-primitive-1.1.1.tgz"","
"package-lock.json","7503","which-builtin-type-1.2.1","""resolved"": ""https://registry.npmjs.org/which-builtin-type/-/which-builtin-type-1.2.1.tgz"","
"package-lock.json","7531","which-collection-1.0.2","""resolved"": ""https://registry.npmjs.org/which-collection/-/which-collection-1.0.2.tgz"","
"package-lock.json","7550","which-typed-array-1.1.20","""resolved"": ""https://registry.npmjs.org/which-typed-array/-/which-typed-array-1.1.20.tgz"","
"package-lock.json","7572","word-wrap-1.2.5","""resolved"": ""https://registry.npmjs.org/word-wrap/-/word-wrap-1.2.5.tgz"","
"package-lock.json","7582","wrappy-1.0.2","""resolved"": ""https://registry.npmjs.org/wrappy/-/wrappy-1.0.2.tgz"","
"package-lock.json","2794","www.patreon.com","""url"": ""https://www.patreon.com/feross"""
"package-lock.json","6238","www.patreon.com","""url"": ""https://www.patreon.com/feross"""
"package-lock.json","6486","www.patreon.com","""url"": ""https://www.patreon.com/feross"""
"package-lock.json","6529","www.patreon.com","""url"": ""https://www.patreon.com/feross"""
"app\components\meta\MetaAlertsRecommendations.tsx","111","x.fatigueSignals.length","const fatigueCreatives = enrichedCreatives.filter((x) => x.fatigueSignals.length > 0);"
"app\components\meta\MetaAlertsRecommendations.tsx","112","x.leakageSignals.length","const leakageCreatives = enrichedCreatives.filter((x) => x.leakageSignals.length > 0);"
"app\components\meta\MetaAlertsRecommendations.tsx","110","x.wasteSignals.length","const wasteCreatives = enrichedCreatives.filter((x) => x.wasteSignals.length > 0);"
"package-lock.json","7588","yallist-3.1.1","""resolved"": ""https://registry.npmjs.org/yallist/-/yallist-3.1.1.tgz"","
"package-lock.json","7595","yocto-queue-0.1.0","""resolved"": ""https://registry.npmjs.org/yocto-queue/-/yocto-queue-0.1.0.tgz"","
"package-lock.json","7608","zod-4.3.6","""resolved"": ""https://registry.npmjs.org/zod/-/zod-4.3.6.tgz"","
"package-lock.json","7618","zod-validation-error-4.0.2","""resolved"": ""https://registry.npmjs.org/zod-validation-error/-/zod-validation-error-4.0.2.tgz"","
